id,d0,d1,distance_calculations,point_type,cluster_id
0,660.976,304.225,191,0,1
1,636.213,306.174,201,0,1
2,662.753,307.565,182,0,1
3,657.487,307.74,172,0,1
4,635.273,308.157,202,0,1
5,640.484,309.592,179,0,1
6,660.523,309.613,168,0,1
7,658.759,312.594,159,0,1
8,674.821,315.093,185,0,1
9,649.17,316.174,131,1,1
10,631.858,316.908,182,0,1
11,673.506,317.648,171,0,1
12,637.439,318.289,154,1,1
13,644.003,320.565,123,1,1
14,622.679,320.843,226,0,1
15,655.504,320.916,132,1,1
16,626.318,321.78,181,0,1
17,633.245,322.492,136,0,1
18,678.36,323.472,167,0,1
19,637.081,323.619,118,1,1
20,653.079,324.434,135,1,1
21,639.035,324.523,121,1,1
22,680.978,324.669,162,0,1
23,644.647,325.905,126,1,1
24,652.268,326.389,135,1,1
25,665.755,327.567,142,1,1
26,675.27,327.608,146,0,1
27,631.213,327.95,131,1,1
28,643.6,328.542,123,1,1
29,668.535,329.06,144,1,1
30,658.985,329.159,134,1,1
31,651.423,329.337,128,1,1
32,646.127,329.862,123,1,1
33,683.672,330.534,160,0,1
34,666.442,331.637,136,1,1
35,682.478,331.858,159,0,1
36,640.783,333.145,119,1,1
37,649.948,333.168,118,1,1
38,663.551,333.265,128,1,1
39,624.463,333.342,149,0,1
40,645.513,334.213,117,1,1
41,632.527,334.935,110,1,1
42,639.959,335.242,114,1,1
43,670.422,336.607,135,0,1
44,647.217,340.107,113,1,1
45,685.94,340.389,134,0,1
46,620.777,341.34,198,0,1
47,618.936,341.409,217,0,1
48,679.985,341.547,124,0,1
49,627.324,341.603,141,0,1
50,639.416,342.035,117,1,1
51,622.928,342.459,177,0,1
52,662.056,342.529,119,1,1
53,676.484,342.75,122,0,1
54,642.366,345.063,130,1,1
55,639.621,345.609,131,1,1
56,630.04,346.568,135,0,1
57,646.7,346.681,127,1,1
58,625.209,346.771,178,0,1
59,650.768,347.282,129,1,1
60,672.056,347.548,114,1,1
61,629.259,347.766,136,0,1
62,654.751,347.881,123,1,1
63,656.628,348.501,128,1,1
64,660.134,348.671,124,1,1
65,667.984,349.415,130,1,1
66,642.738,349.951,128,1,1
67,652.024,349.986,138,1,1
68,671.291,350.525,124,0,1
69,637.791,350.903,124,1,1
70,649.556,351.032,137,1,1
71,654.517,352.398,128,1,1
72,659.838,353.262,130,1,1
73,648.966,356.048,139,1,1
74,669.789,357.397,127,0,1
75,665.373,359.929,141,0,1
76,624.855,360.424,197,0,1
77,662.42,360.72,150,0,1
78,626.761,363.811,177,0,1
79,667.14,364.033,147,0,1
80,637.609,364.503,166,0,1
81,648.763,364.824,160,0,1
82,638.583,365.65,166,0,1
83,666.254,366.738,149,0,1
84,653.469,370.728,170,0,1
85,650.43,371.572,170,0,1
86,661.43,372.276,155,0,1
87,153.879,308.064,268,0,2
88,178.29,308.199,303,0,2
89,166.838,308.485,269,0,2
90,153.41,309.122,270,0,2
91,153.636,309.867,266,0,2
92,148.658,310.898,273,0,2
93,170.83,311.777,258,0,2
94,181.997,312.281,312,0,2
95,151.534,315.214,266,0,2
96,158.234,316.942,234,0,2
97,156.903,318.774,234,1,2
98,131.505,318.993,293,0,2
99,171.829,319.959,231,0,2
100,188.385,321.231,278,0,2
101,175.094,321.902,229,0,2
102,149.332,322.096,243,1,2
103,132.401,322.735,286,0,2
104,150.449,322.89,230,1,2
105,172.762,324.576,208,1,2
106,178.86,324.684,218,0,2
107,129.898,326.107,307,0,2
108,140.855,327.583,238,1,2
109,167.174,328.263,213,1,2
110,163.921,328.34,203,1,2
111,145.897,328.558,215,1,2
112,180.488,328.618,214,1,2
113,125.823,328.684,345,0,2
114,154.945,329.416,208,1,2
115,188.031,330.014,232,0,2
116,174.682,330.318,189,1,2
117,162.439,330.402,198,1,2
118,128.484,330.468,329,0,2
119,156.03,330.695,196,1,2
120,187.152,331.229,220,0,2
121,168.092,331.83,202,1,2
122,129.107,332.022,320,0,2
123,129.6,333.61,313,0,2
124,158.713,334.341,194,1,2
125,169.774,334.662,168,1,2
126,191.52,334.977,241,0,2
127,133.87,335.02,294,0,2
128,160.971,335.471,198,1,2
129,185.668,335.604,205,0,2
130,200.468,335.644,284,0,2
131,164.317,335.97,191,1,2
132,142.494,336.65,231,0,2
133,197.979,337.757,267,0,2
134,192.739,338.016,230,0,2
135,123.22,338.794,354,0,2
136,132.062,338.832,285,0,2
137,184.485,339.211,186,1,2
138,162.725,339.915,184,1,2
139,136.333,340.328,256,0,2
140,167.759,340.476,179,1,2
141,188.627,340.491,198,0,2
142,166.321,342.129,162,1,2
143,159.853,342.331,197,1,2
144,193.875,342.382,236,0,2
145,152.072,342.404,216,1,2
146,197.029,342.743,237,0,2
147,132.796,343.359,286,0,2
148,176.53,343.547,174,1,2
149,179.363,343.574,172,1,2
150,178.037,343.672,165,1,2
151,152.655,345.182,215,1,2
152,165.121,345.513,182,1,2
153,162.034,345.997,188,1,2
154,125.206,346.962,307,0,2
155,171.972,349.879,180,1,2
156,191.181,349.959,213,0,2
157,161.773,350.404,190,1,2
158,168.823,350.884,182,1,2
159,127.327,350.908,300,0,2
160,182.901,351.725,194,1,2
161,183.617,352.579,189,1,2
162,175.568,353.932,183,1,2
163,156.466,354.278,191,1,2
164,159.181,354.447,191,1,2
165,184.109,355.875,194,1,2
166,144.133,356.156,221,1,2
167,163.283,357.159,188,1,2
168,174.195,357.187,182,1,2
169,185.038,359.301,192,0,2
170,146.451,359.416,204,1,2
171,142.978,361.95,209,1,2
172,134.443,361.955,256,0,2
173,194.452,363.123,222,0,2
174,144.727,363.41,212,1,2
175,172.193,364.859,181,1,2
176,142.127,365.116,242,0,2
177,186.492,366.136,202,0,2
178,163.71,366.165,184,1,2
179,154.581,366.177,172,1,2
180,141.478,367.346,243,0,2
181,139.807,367.959,250,0,2
182,147.813,369.185,217,0,2
183,138.191,369.528,252,0,2
184,156.592,370.709,182,1,2
185,138.571,371.407,252,0,2
186,176.65,371.485,190,0,2
187,157.497,371.658,182,1,2
188,183.168,372.223,220,0,2
189,170.311,372.819,184,0,2
190,181.366,373.854,208,0,2
191,151.856,375.167,195,0,2
192,165.883,375.174,194,0,2
193,177.629,375.408,195,0,2
194,155.613,377.032,186,1,2
195,152.479,377.285,195,0,2
196,155.358,377.929,181,1,2
197,179.727,378.364,188,0,2
198,147.366,379.114,207,0,2
199,162.91,380.567,188,0,2
200,337.718,305.692,274,0,3
201,338.624,306.106,273,0,3
202,329.298,307.033,278,0,3
203,322.76,307.044,276,0,3
204,342.994,310.67,287,0,3
205,351.887,311.603,316,0,3
206,333.539,311.89,269,0,3
207,333.868,312.928,262,0,3
208,319.884,313.587,267,0,3
209,335.147,314.891,258,0,3
210,321.18,315.663,271,0,3
211,325.111,316.065,261,0,3
212,328.436,316.801,248,0,3
213,356.246,320.109,316,0,3
214,357.739,321.053,308,0,3
215,341.53,321.295,260,1,3
216,309.119,321.986,250,0,3
217,367.37,322.193,346,0,3
218,314.309,322.429,234,0,3
219,324.706,322.709,243,0,3
220,315.665,323.192,236,0,3
221,350.748,323.821,265,1,3
222,366.213,324.547,330,0,3
223,369.885,325.104,356,0,3
224,345.193,326.957,266,1,3
225,323.167,328.544,246,1,3
226,352.146,328.862,259,1,3
227,353.396,329.17,254,1,3
228,319.294,329.545,233,1,3
229,332.038,329.567,261,1,3
230,334.586,329.567,262,1,3
231,355.725,329.737,262,1,3
232,364.513,330.463,287,0,3
233,376.024,330.619,370,0,3
234,371.565,331.405,320,0,3
235,345.661,333.121,241,1,3
236,342.261,333.749,256,1,3
237,320.544,334.019,239,1,3
238,370.213,334.867,298,0,3
239,371.977,335.02,319,0,3
240,336.719,335.237,261,1,3
241,359.632,336.229,223,1,3
242,330.693,336.872,264,1,3
243,303.768,337.46,286,0,3
244,344.49,338.303,267,1,3
245,323.992,338.852,258,1,3
246,343.402,339.059,249,1,3
247,334.993,339.566,260,0,3
248,318.342,340.531,251,1,3
249,311.678,340.689,253,0,3
250,307.329,340.702,265,0,3
251,373.097,340.763,344,0,3
252,354.668,341.4,243,1,3
253,368.188,341.876,291,0,3
254,342.46,342.193,245,1,3
255,295.095,342.319,303,0,3
256,349.378,342.593,255,1,3
257,331.047,343.179,255,1,3
258,304.788,343.217,262,0,3
259,306.04,344.25,262,0,3
260,371.168,345.096,337,0,3
261,300.119,345.111,286,0,3
262,357.02,345.129,250,1,3
263,318.411,345.202,270,1,3
264,310.511,345.281,263,1,3
265,312.171,345.928,265,1,3
266,338.189,348.672,256,1,3
267,312.98,349.579,261,1,3
268,361.789,349.989,279,0,3
269,328.638,350.035,255,1,3
270,301.754,350.545,299,0,3
271,336.078,350.882,263,0,3
272,340.122,351.188,254,1,3
273,349.132,351.455,248,1,3
274,361.162,352.626,282,0,3
275,316.539,353.64,250,1,3
276,327.318,353.692,255,1,3
277,316.021,354.83,255,1,3
278,368.832,354.848,346,0,3
279,362.763,354.907,303,0,3
280,338.883,358.015,282,1,3
281,326.846,358.512,252,1,3
282,365.499,359.163,320,0,3
283,341.805,361.755,274,1,3
284,309.967,361.84,285,1,3
285,337.131,362.059,279,1,3
286,330.765,363.646,261,1,3
287,308.677,364.606,317,0,3
288,304.473,365.008,333,0,3
289,309.395,365.09,308,0,3
290,314.833,365.398,296,0,3
291,308.096,366.369,312,0,3
292,346.037,366.652,292,0,3
293,339.705,367.928,286,1,3
294,317.885,368.544,304,0,3
295,340.258,369.252,276,1,3
296,343.329,369.994,299,0,3
297,347.617,370.365,312,0,3
298,315.049,372.453,346,0,3
299,351.49,372.812,315,0,3
300,321.703,372.978,307,0,3
301,327.576,373.535,275,1,3
302,313.86,374.769,368,0,3
303,358.554,376.035,320,0,3
304,345.291,376.266,309,0,3
305,322.171,376.74,316,0,3
306,331.361,377.574,299,0,3
307,349.633,380.861,325,0,3
308,326.059,381.239,296,0,3
309,321.474,383.121,313,0,3
310,465.741,40.127,365,0,4
311,482.456,41.754,378,0,4
312,477.011,43.279,341,0,4
313,476.6,45.718,319,0,4
314,488.985,46.419,320,0,4
315,490.389,46.649,325,0,4
316,459.989,48.062,308,0,4
317,451.672,48.477,346,0,4
318,447.604,51.804,325,0,4
319,456.12,52.193,297,0,4
320,447.401,52.68,315,0,4
321,489.694,53.469,290,0,4
322,489.323,53.989,283,0,4
323,474.738,54.167,257,0,4
324,468.284,54.237,264,1,4
325,487.319,54.287,274,0,4
326,478.584,54.568,271,0,4
327,517.589,55.822,321,0,4
328,490.101,56.147,261,0,4
329,516.314,56.174,318,0,4
330,453.824,56.455,274,1,4
331,464.638,57.017,245,1,4
332,445.339,57.294,307,0,4
333,507.47,57.687,254,0,4
334,480.505,59.468,253,1,4
335,454.31,59.578,240,1,4
336,446.989,60.668,286,1,4
337,520.495,60.697,294,0,4
338,457.219,61.058,238,1,4
339,501.55,61.489,222,1,4
340,508.426,61.924,247,0,4
341,447.115,62.044,278,1,4
342,442.165,62.166,296,0,4
343,498.974,62.522,217,1,4
344,463.971,62.675,254,1,4
345,519.726,64.114,262,1,4
346,467.813,64.479,252,1,4
347,509.907,64.625,255,1,4
348,515.12,66.087,257,1,4
349,485.224,67.012,238,1,4
350,452.837,67.247,243,1,4
351,502.674,67.575,213,1,4
352,523.466,67.773,234,1,4
353,488.187,67.923,220,1,4
354,504.803,68.302,215,1,4
355,466.572,68.819,248,1,4
356,461.595,69.35,248,1,4
357,473.674,69.556,250,1,4
358,431.04,69.589,314,0,4
359,456.452,70.104,235,1,4
360,450.642,70.156,245,1,4
361,500.674,70.16,215,1,4
362,494.982,70.178,207,1,4
363,512.411,71.274,222,1,4
364,461.568,72.37,249,1,4
365,504.405,73.147,222,1,4
366,449.195,73.234,278,1,4
367,524.047,73.32,220,1,4
368,444.002,73.804,267,1,4
369,503.446,73.822,215,1,4
370,490.326,74.669,240,1,4
371,444.186,74.773,273,1,4
372,443.042,75.007,268,1,4
373,476.081,75.411,250,0,4
374,443.575,75.477,265,1,4
375,516.205,77.533,215,1,4
376,484.653,78.147,271,0,4
377,455.329,78.197,266,1,4
378,459.305,78.72,268,1,4
379,495.572,78.745,235,1,4
380,425.956,78.906,324,0,4
381,526.738,80.445,259,0,4
382,528.601,80.789,273,0,4
383,493.7,81.478,256,0,4
384,470.216,82.183,287,0,4
385,471.17,82.281,288,0,4
386,477.29,82.318,284,0,4
387,536.043,82.472,345,0,4
388,529.99,82.646,294,0,4
389,441.622,82.712,291,0,4
390,482.255,82.785,296,0,4
391,488.474,83.054,292,0,4
392,474.061,83.219,291,0,4
393,531.936,83.234,314,0,4
394,513.167,84.628,223,1,4
395,494.467,84.637,269,0,4
396,535.227,85.103,356,0,4
397,529.089,85.565,301,0,4
398,456.32,85.624,313,1,4
399,518.369,85.695,255,1,4
400,511.716,85.906,227,1,4
401,492.166,86.233,287,0,4
402,448.946,86.545,329,0,4
403,432.501,87.168,316,0,4
404,525.191,87.662,302,0,4
405,497.048,88.247,285,0,4
406,525.932,88.422,309,0,4
407,437.223,89.016,316,0,4
408,429.847,89.107,321,0,4
409,521.958,89.828,303,0,4
410,517.274,90.571,275,0,4
411,537.606,91.828,347,0,4
412,436.353,91.968,313,0,4
413,506.119,92.784,281,1,4
414,527.511,93.643,338,0,4
415,424.294,97.509,312,0,5
416,441.896,97.95,333,0,4
417,436.16,99.51,322,0,5
418,434.226,100.897,314,0,5
419,444.57,101.574,358,0,4
420,428.855,108.992,296,0,5
421,438.753,110.45,315,0,5
422,429.191,112.407,278,0,5
423,437,112.594,301,0,5
424,438.797,115.729,311,0,5
425,421.602,117.717,272,0,5
426,439.119,119.693,294,0,5
427,437.638,120.246,286,1,5
428,445.168,121.036,336,0,5
429,423.173,123.604,247,0,5
430,426.709,125.924,243,1,5
431,428.665,126.795,237,1,5
432,419.133,127.199,248,0,5
433,435.422,127.915,242,1,5
434,445.818,130.619,275,0,5
435,441.056,131.792,240,1,5
436,449.75,132.161,301,0,5
437,436.787,132.524,226,1,5
438,423.113,133.675,245,1,5
439,439.334,133.911,224,1,5
440,423.694,134.56,246,1,5
441,420.737,134.844,253,0,5
442,433.38,135.975,225,1,5
443,427.845,139.381,244,1,5
444,455.69,139.93,298,0,5
445,433.728,140.543,240,1,5
446,427.535,140.842,232,1,5
447,440.13,142.847,240,1,5
448,422.181,143.794,250,0,5
449,432.792,143.799,254,1,5
450,425.758,144.367,251,0,5
451,469.419,144.455,305,0,5
452,435.55,145.395,245,1,5
453,431.419,145.755,268,1,5
454,451.224,145.775,266,0,5
455,440.408,146.542,225,1,5
456,431.209,147.043,272,0,5
457,440.541,147.443,225,1,5
458,429.476,147.655,280,0,5
459,457.738,147.949,264,0,5
460,462.197,148.753,264,0,5
461,458.784,148.79,263,0,5
462,435.104,150.564,268,1,5
463,481.596,150.747,261,0,5
464,470.742,151.028,252,0,5
465,475.537,151.384,255,1,5
466,486.403,152.427,265,1,5
467,479.218,153.336,244,1,5
468,442.739,153.699,245,1,5
469,468.571,154.661,223,1,5
470,487.203,155.054,245,1,5
471,491.499,155.056,263,0,5
472,469.035,155.808,218,1,5
473,492.554,156.945,260,0,5
474,493.331,157.034,271,0,5
475,450.257,157.572,236,1,5
476,430.442,157.874,314,0,5
477,486.966,158.69,250,1,5
478,431.691,161.683,314,0,5
479,475.063,162.051,214,1,5
480,505.503,162.45,311,0,5
481,453.361,162.676,254,1,5
482,485.405,162.724,205,1,5
483,450.017,162.982,250,0,5
484,467.237,163.015,204,1,5
485,444.988,163.518,281,0,5
486,446.606,163.869,274,0,5
487,504.016,164.453,326,0,5
488,483.317,164.96,222,1,5
489,460.405,165.011,211,1,5
490,454.607,165.491,239,1,5
491,448.598,166.01,273,0,5
492,490.836,166.186,238,0,5
493,474.385,166.211,205,1,5
494,452.446,166.814,263,0,5
495,448.289,168.177,296,0,5
496,485.908,168.301,227,0,5
497,460.684,168.549,230,1,5
498,473.044,169.3,219,1,5
499,463.544,169.773,233,1,5
500,441.254,169.819,341,0,5
501,478.121,170.152,225,1,5
502,472.289,170.258,228,1,5
503,456.744,170.562,266,0,5
504,506.497,171.391,344,0,5
505,458.455,171.723,241,0,5
506,480.952,172.104,225,1,5
507,471.724,172.447,243,1,5
508,462.369,172.691,232,0,5
509,462.699,176.173,267,0,5
510,499.357,177.083,338,0,5
511,497.729,179.01,331,0,5
512,476.852,179.141,302,0,5
513,482.757,180.824,299,0,5
514,497.288,116.862,377,0,6
515,504.684,118.564,318,0,6
516,500.45,118.781,357,0,6
517,512.501,118.822,268,0,6
518,515.358,119.685,256,1,6
519,506.057,119.873,304,0,6
520,551.669,119.94,322,0,6
521,513.607,120.024,258,1,6
522,542.261,121.323,306,0,6
523,503.533,123.134,326,0,6
524,538.449,123.666,276,0,6
525,506.288,123.926,292,0,6
526,532.535,124.963,250,1,6
527,535.374,124.987,252,0,6
528,536.336,125.359,265,0,6
529,541.956,125.614,277,0,6
530,504.129,126.134,319,0,6
531,499.386,126.144,344,0,6
532,498.238,126.197,339,0,6
533,510.951,126.254,248,1,6
534,523.702,126.337,211,1,6
535,492.24,127.167,338,0,6
536,533.889,127.493,231,1,6
537,516.126,127.973,215,1,6
538,494.99,128.921,326,0,6
539,556.017,129.036,264,0,6
540,532.113,131.972,232,1,6
541,534.042,133.423,228,1,6
542,509.416,134.11,240,1,6
543,535.72,134.304,215,1,6
544,514.408,135.016,222,1,6
545,493.319,135.26,279,0,6
546,520.422,137.28,214,1,6
547,527.298,137.36,222,1,6
548,524.935,138.144,224,1,6
549,521.854,138.206,229,1,6
550,550.427,140.703,205,1,6
551,510.183,142.282,258,1,6
552,548.844,142.901,206,1,6
553,516.698,142.955,258,1,6
554,528.705,144.861,236,1,6
555,575.8,145.081,240,0,6
556,528.51,145.594,237,1,6
557,525.507,146.165,251,1,6
558,549.351,147.794,201,1,6
559,528.385,149.093,262,0,6
560,574.776,149.666,212,0,6
561,564.062,150.091,178,1,6
562,569.252,150.45,199,0,6
563,580.529,152.58,239,0,6
564,555.511,152.813,174,1,6
565,543.797,153.217,210,1,6
566,523.439,153.221,284,0,6
567,577.096,153.561,222,0,6
568,557.155,153.821,169,1,6
569,540.728,154.218,230,0,6
570,567.029,155.564,180,1,6
571,535,155.746,228,0,6
572,554.604,156.498,173,1,6
573,553.231,157.644,169,1,6
574,565.622,159.177,163,1,6
575,552.675,160.487,168,1,6
576,551.34,161.382,177,1,6
577,552.228,161.539,172,1,6
578,565.391,162.42,165,1,6
579,551.871,163.963,179,1,6
580,561.421,166.072,175,1,6
581,549.795,166.147,183,1,6
582,563.976,166.47,163,1,6
583,557.805,167.451,179,1,6
584,559.049,168.661,174,1,6
585,550.489,169.343,179,1,6
586,563.571,171.008,164,1,6
587,565.895,174.816,156,1,6
588,578.552,176.176,204,0,6
589,558.492,176.966,165,1,6
590,558.076,183.121,180,0,6
591,572.341,183.795,199,0,6
592,548.741,185.141,191,0,6
593,571.997,185.255,191,0,6
594,571.288,186.591,185,0,6
595,568.308,189.231,182,0,6
596,554.133,189.464,171,0,6
597,568.75,190.522,179,0,6
598,574.234,191.904,190,0,6
599,560.184,192.29,150,1,6
600,554.855,194.481,169,1,6
601,545.792,198.292,195,0,6
602,573.339,199.37,184,0,6
603,560.626,201.339,140,1,6
604,484.479,201.808,319,0,6
605,544.398,202.037,171,0,6
606,546.15,202.697,167,1,6
607,544.523,203.247,161,1,6
608,557.549,203.253,143,1,6
609,496.092,204.783,290,0,6
610,545.515,205.062,161,1,6
611,552.079,205.232,159,1,6
612,556.428,205.593,143,1,6
613,480.224,206.366,307,0,6
614,554.335,206.42,144,1,6
615,569.615,206.821,171,0,6
616,549.936,207.559,164,1,6
617,476.785,207.988,315,0,6
618,540.551,208.51,179,0,6
619,570.595,208.906,181,0,6
620,501.173,209.049,271,0,6
621,471.001,209.154,348,0,6
622,553.659,209.159,142,1,6
623,484.712,209.501,275,0,6
624,474.655,209.547,325,0,6
625,570.022,209.903,180,0,6
626,497.611,211.97,263,0,6
627,537.191,211.979,186,0,6
628,476.159,213.082,284,0,6
629,529.146,213.374,218,0,6
630,530.331,213.716,207,0,6
631,560.98,214.079,145,0,6
632,562.351,214.13,152,0,6
633,564.375,214.272,156,0,6
634,487.013,214.471,233,1,6
635,487.71,214.871,241,1,6
636,458.4,214.958,460,0,6
637,520.077,215.482,236,0,6
638,547.348,216.15,148,1,6
639,514.639,216.942,242,0,6
640,568.922,217.769,196,0,6
641,537.99,217.917,164,1,6
642,466.888,218.478,365,0,6
643,533.306,218.951,179,0,6
644,464.185,218.974,399,0,6
645,547.947,218.987,142,1,6
646,543.334,219.389,145,1,6
647,475.069,220.2,266,1,6
648,496.267,220.2,231,1,6
649,537.621,221.068,166,1,6
650,548.078,221.696,157,1,6
651,479.44,221.889,230,1,6
652,526.415,221.976,208,0,6
653,469.176,222.122,329,0,6
654,493.109,222.595,220,1,6
655,504.879,223.245,224,1,6
656,472.424,223.374,287,0,6
657,508.167,224.352,241,0,6
658,501.681,224.604,216,1,6
659,498.585,224.761,216,1,6
660,491.164,225.738,217,1,6
661,558.66,226.102,186,0,6
662,518.744,226.107,195,0,6
663,485.69,226.433,230,1,6
664,505.801,227.197,224,1,6
665,517.547,227.273,193,1,6
666,532.845,227.692,176,1,6
667,511.198,229.151,208,1,6
668,505.328,229.27,213,1,6
669,477.532,230.323,245,1,6
670,559.487,230.512,200,0,6
671,534.237,231.182,162,1,6
672,555.919,231.33,197,0,6
673,496.519,231.653,213,1,6
674,545.041,233.072,184,0,6
675,539.702,233.506,174,1,6
676,484.317,233.798,254,1,6
677,546.902,233.832,191,0,6
678,517.963,234.854,177,1,6
679,484.92,235.709,246,1,6
680,531.058,235.723,171,1,6
681,530.053,235.845,171,1,6
682,473.185,235.903,313,0,6
683,503.429,236.263,183,1,6
684,518.412,236.544,174,1,6
685,490.594,237.163,234,1,6
686,528.082,237.987,169,1,6
687,506.602,239.498,202,1,6
688,530.871,239.966,166,1,6
689,489.75,242.396,259,0,6
690,551.065,242.547,233,0,6
691,495.831,242.586,230,0,6
692,482.31,243.418,298,0,6
693,519.888,244.016,183,1,6
694,524.336,245.015,176,1,6
695,485.006,245.823,304,0,6
696,489.089,246.34,293,0,6
697,502.585,246.657,225,0,6
698,507.542,247.408,228,0,6
699,528.185,247.661,196,1,6
700,538.825,248.077,206,0,6
701,508.916,248.813,232,0,6
702,512.989,248.855,222,0,6
703,523.074,250.801,205,0,6
704,534.594,252.169,210,0,6
705,540.102,252.257,214,0,6
706,519.289,252.735,221,0,6
707,522.247,253.701,234,0,6
708,520.838,254.256,235,0,6
709,541.399,254.555,214,0,6
710,524.593,254.965,243,0,6
711,517.344,255.757,242,0,6
712,94.842,135.204,167,0,7
713,109.321,138.094,171,0,7
714,71.813,138.206,120,0,7
715,320.843,138.228,350,0,7
716,61.427,138.457,111,0,7
717,142.07,138.726,161,0,7
718,50.861,138.893,110,0,7
719,140.837,139.146,164,0,7
720,194.828,139.209,118,0,7
721,203.609,139.329,129,0,7
722,49.89,139.351,111,0,7
723,168.274,139.703,123,0,7
724,200.698,139.846,122,0,7
725,90.066,139.88,162,0,7
726,188.524,139.94,122,0,7
727,125.125,139.991,179,0,7
728,37.458,140.053,110,0,7
729,249.584,140.167,237,0,7
730,258.339,140.262,273,0,7
731,53.696,140.333,109,0,7
732,306.48,140.395,286,0,7
733,47.454,140.403,110,0,7
734,230.524,140.512,170,0,7
735,201.416,140.704,123,0,7
736,304.199,140.746,288,0,7
737,246.043,140.806,226,0,7
738,219.616,140.885,144,0,7
739,225.11,140.915,158,0,7
740,95.795,141.152,161,0,7
741,67.96,141.335,124,0,7
742,296.662,141.432,281,0,7
743,270.289,141.447,281,0,7
744,326.361,141.649,352,0,7
745,62.999,141.875,116,0,7
746,172.605,141.876,103,0,7
747,315.501,142.003,301,0,7
748,316.762,142.555,310,0,7
749,216.062,142.694,133,0,7
750,328.929,142.844,361,0,7
751,32.099,143.035,115,0,7
752,227.643,143.225,149,0,7
753,126.689,144.081,167,0,7
754,238.139,144.096,189,1,7
755,70.308,144.133,121,0,7
756,246.255,144.218,222,1,7
757,107.021,144.256,157,0,7
758,312.559,144.434,266,0,7
759,75.993,144.485,123,1,7
760,189.235,144.589,104,0,7
761,219.131,144.7,131,0,7
762,97.647,144.72,145,0,7
763,146.461,144.838,132,0,7
764,190.41,144.839,106,0,7
765,57.351,144.958,114,0,7
766,268.271,144.971,256,0,7
767,133.514,145.516,146,0,7
768,307.888,145.591,253,0,7
769,115.795,145.864,157,0,7
770,174.845,146.047,95,0,7
771,159.347,146.43,102,0,7
772,301.09,146.564,262,0,7
773,58.445,146.64,109,0,7
774,331.061,146.707,336,0,7
775,239.572,146.801,196,1,7
776,109.938,146.879,146,0,7
777,289.436,146.915,225,1,7
778,304.081,146.92,266,0,7
779,257.549,146.929,238,0,7
780,27.887,146.941,120,0,7
781,157.097,147.095,99,0,7
782,262.925,147.195,234,0,7
783,217.515,147.199,121,1,7
784,292.568,147.238,245,0,7
785,259.314,147.327,242,0,7
786,63.973,147.393,122,0,7
787,193.748,147.43,105,0,7
788,294.172,147.603,247,0,7
789,148.916,147.787,118,0,7
790,40.381,148.068,104,0,7
791,60.351,148.181,113,0,7
792,228.218,148.267,150,1,7
793,207.832,148.335,109,1,7
794,298.229,148.537,256,0,7
795,245.657,148.563,226,1,7
796,181.293,148.633,94,0,7
797,196.535,148.652,106,0,7
798,256.303,148.66,226,0,7
799,56.551,148.808,110,0,7
800,225.579,148.841,149,1,7
801,281.54,148.927,214,1,7
802,110.273,148.951,146,0,7
803,121.658,148.967,153,0,7
804,236.113,149.196,169,1,7
805,161.89,149.204,87,0,7
806,261.679,149.472,230,1,7
807,223.041,149.482,142,1,7
808,176.219,149.932,92,1,7
809,22.172,150.049,129,0,7
810,156.89,150.131,95,0,7
811,253.999,150.452,224,1,7
812,39.912,150.513,106,0,7
813,59.9,150.54,117,0,7
814,180.844,150.826,89,1,7
815,277.317,150.914,236,1,7
816,232.394,151.075,162,1,7
817,205.088,151.435,112,1,7
818,90.808,151.571,133,0,7
819,154.971,151.627,99,0,7
820,192.115,151.814,93,1,7
821,99.609,151.894,124,1,7
822,113.923,152.089,135,1,7
823,24.271,152.193,125,0,7
824,330.341,152.564,305,0,7
825,143.626,152.655,111,0,7
826,247.596,152.793,220,1,7
827,93.42,153.068,126,1,7
828,72.448,153.101,116,1,7
829,145.683,153.144,106,1,7
830,152.194,153.153,102,0,7
831,280.463,153.158,206,1,7
832,66.712,153.17,126,1,7
833,76.828,153.21,121,1,7
834,273.534,153.242,235,1,7
835,126.953,153.559,131,1,7
836,252.93,154.284,228,1,7
837,117.094,154.336,128,1,7
838,210.203,154.483,107,1,7
839,191.668,154.569,91,1,7
840,251.432,154.587,228,1,7
841,202.124,154.646,103,1,7
842,19.034,154.732,138,0,7
843,162.761,154.815,79,1,7
844,286.909,154.986,207,1,7
845,89.297,155.491,123,1,7
846,127.743,155.523,118,1,7
847,83.227,155.623,125,1,7
848,120.241,155.652,129,1,7
849,79.75,156.732,124,1,7
850,174.166,156.988,85,1,7
851,211.441,157.206,120,1,7
852,164.988,157.222,84,1,7
853,184.554,157.526,91,1,7
854,95.504,157.555,126,1,7
855,165.92,157.885,86,1,7
856,243.305,157.964,211,1,7
857,274.408,158.305,211,1,7
858,144.545,158.753,95,1,7
859,84.786,158.792,128,1,7
860,73.251,159.11,120,1,7
861,276.99,159.135,202,1,7
862,149.609,159.203,101,1,7
863,171.963,159.266,84,1,7
864,330.64,159.323,266,0,7
865,240.497,159.38,210,1,7
866,251.23,159.384,217,1,7
867,178.892,159.417,83,1,7
868,177.496,159.542,86,1,7
869,266.97,159.699,212,1,7
870,101.082,159.803,119,1,7
871,209.678,159.871,121,1,7
872,185.582,159.981,82,1,7
873,169.867,160.045,87,1,7
874,220.62,160.152,134,1,7
875,277.894,160.226,211,1,7
876,23.197,160.374,125,0,7
877,86.835,161.038,116,1,7
878,175.183,161.289,83,1,7
879,328.328,161.379,243,0,7
880,288.797,161.383,195,1,7
881,66.93,161.463,126,1,7
882,295.836,161.686,206,1,7
883,65.527,161.731,127,1,7
884,275.188,161.732,219,1,7
885,74.236,161.736,123,1,7
886,215.083,161.737,134,1,7
887,147.042,161.861,95,1,7
888,310.583,161.993,225,1,7
889,87.458,162.044,121,1,7
890,294.989,162.163,201,1,7
891,31.56,162.172,116,1,7
892,299.158,162.312,218,1,7
893,160.061,162.919,83,1,7
894,83.795,163.025,123,1,7
895,19.915,163.184,143,0,7
896,279.12,163.332,228,1,7
897,20.411,163.543,143,0,7
898,269.677,163.544,220,1,7
899,30.176,163.656,115,1,7
900,248.384,163.702,218,1,7
901,224.269,164.092,183,1,7
902,112.369,164.192,105,1,7
903,103.293,164.521,115,1,7
904,105.712,164.575,119,1,7
905,55.529,164.776,131,1,7
906,300.213,164.849,230,1,7
907,183.048,165.25,81,1,7
908,36.666,165.398,120,1,7
909,41.62,165.417,131,1,7
910,168.941,165.506,84,1,7
911,313.889,165.633,239,1,7
912,314.564,165.723,236,1,7
913,278.524,165.991,225,1,7
914,39.332,166.041,123,1,7
915,100.396,166.044,117,1,7
916,77.896,166.356,120,1,7
917,102.608,166.439,116,1,7
918,305.676,166.653,234,1,7
919,272.427,166.829,220,1,7
920,319.508,166.976,256,1,7
921,130.608,166.997,104,1,7
922,161.047,167.032,90,1,7
923,213.04,167.189,145,1,7
924,123.855,167.463,98,1,7
925,284.233,167.729,208,1,7
926,85.372,167.791,124,1,7
927,166.915,167.804,87,1,7
928,119.7,167.848,92,1,7
929,235.718,168.427,227,0,7
930,133.021,168.507,101,1,7
931,24.745,168.548,127,1,7
932,254.791,168.611,249,0,7
933,181.949,168.674,85,1,7
934,194.43,168.704,99,1,7
935,101.668,168.905,117,1,7
936,104.872,169.065,118,1,7
937,173.335,169.134,79,1,7
938,68.68,169.236,135,0,7
939,118.06,169.279,92,1,7
940,77.167,169.545,128,1,7
941,26.532,169.671,120,1,7
942,251.972,170.086,242,0,7
943,32.81,170.112,112,1,7
944,234.843,170.407,236,0,7
945,96.634,170.521,116,1,7
946,324.884,170.819,280,0,7
947,66.539,170.91,136,0,7
948,273.787,171.163,243,0,7
949,82.642,171.22,133,0,7
950,265.086,171.24,243,0,7
951,230.897,171.483,236,0,7
952,106.233,171.58,129,0,7
953,139.788,171.6,110,0,7
954,217.068,171.64,188,0,7
955,114.928,171.689,95,1,7
956,108.138,171.709,121,0,7
957,112.928,171.78,104,1,7
958,199.887,171.887,113,0,7
959,182.587,172.145,89,1,7
960,69.475,172.23,138,0,7
961,309.285,172.272,254,1,7
962,307.254,172.284,254,1,7
963,46.272,172.561,137,1,7
964,195.63,172.617,103,0,7
965,233.965,172.782,254,0,7
966,153.13,172.988,104,0,7
967,282.677,173.005,240,0,7
968,18.067,173.055,161,0,7
969,283.147,173.368,241,0,7
970,178.034,173.382,85,1,7
971,58.823,173.444,138,0,7
972,302.004,173.47,244,1,7
973,131.722,173.659,116,0,7
974,38.006,173.67,124,1,7
975,189.678,173.883,100,0,7
976,80.212,173.904,143,0,7
977,286.007,174.036,232,0,7
978,186.873,174.213,106,1,7
979,327.86,174.334,314,0,7
980,293.698,174.443,247,0,7
981,207.339,174.492,166,0,7
982,323.582,174.63,296,0,7
983,103.201,174.763,130,0,7
984,24.943,175.09,134,1,7
985,38.696,175.224,125,1,7
986,176.647,175.237,89,1,7
987,183.559,175.462,93,1,7
988,104.347,175.611,130,0,7
989,132.259,175.665,118,0,7
990,67.553,175.725,160,0,7
991,185.129,175.734,101,0,7
992,190.988,175.787,113,0,7
993,158.27,175.847,106,0,7
994,250.355,175.979,284,0,7
995,73.792,175.984,150,0,7
996,112.797,176.117,111,0,7
997,137.028,176.21,128,0,7
998,244.466,176.288,298,0,7
999,163.388,176.343,102,0,7
1000,35.236,176.364,125,1,7
1001,308.914,176.455,258,0,7
1002,142.814,176.485,126,0,7
1003,148.332,176.609,123,0,7
1004,329.534,176.617,325,0,7
1005,88.706,176.685,137,0,7
1006,260.121,176.7,272,0,7
1007,118.736,176.804,106,0,7
1008,175.481,176.817,99,0,7
1009,256.751,176.849,294,0,7
1010,42.662,176.909,128,1,7
1011,28.355,177.212,123,1,7
1012,65.886,177.319,159,0,7
1013,55.027,177.406,152,0,7
1014,150.243,177.473,118,0,7
1015,210.645,177.815,197,0,7
1016,167.605,177.919,98,0,7
1017,108.602,178.091,125,0,7
1018,322.717,178.234,298,0,7
1019,177.36,178.535,102,0,7
1020,331.754,178.868,334,0,7
1021,72.114,179.025,159,0,7
1022,27.104,179.199,134,1,7
1023,237.357,179.362,295,0,7
1024,173.638,179.555,111,0,7
1025,137.962,179.734,137,0,7
1026,64.779,180.357,162,0,7
1027,206.37,180.453,192,0,7
1028,303.585,180.629,264,0,7
1029,212.71,180.665,226,0,7
1030,316.479,180.696,306,0,7
1031,247.264,180.768,317,0,7
1032,45.317,181.056,150,0,7
1033,322.878,181.177,312,0,7
1034,240.801,181.178,323,0,7
1035,21.409,181.389,153,0,7
1036,44.414,181.393,149,0,7
1037,198.941,181.503,159,0,7
1038,326.889,181.568,330,0,7
1039,52.622,181.916,157,0,7
1040,30.773,182.051,140,1,7
1041,318.323,182.643,323,0,7
1042,94.303,182.798,134,0,7
1043,29.242,182.931,144,0,7
1044,321.85,182.94,328,0,7
1045,195.157,182.953,157,0,7
1046,33.045,182.992,141,0,7
1047,135.319,182.999,149,0,7
1048,153.696,183.013,125,0,7
1049,205.884,183.193,227,0,7
1050,44.019,183.254,156,0,7
1051,33.585,183.373,147,0,7
1052,283.707,183.686,296,0,7
1053,36.257,183.698,147,0,7
1054,271.821,185.621,361,0,7
1055,234.864,244.592,276,0,8
1056,287.437,244.7,292,0,8
1057,216.497,244.797,329,0,8
1058,260.292,244.799,266,0,8
1059,205.094,245.336,339,0,8
1060,274.302,245.444,268,0,8
1061,296.97,246.026,273,0,8
1062,242.848,246.187,258,0,8
1063,217.482,246.361,314,0,8
1064,214.916,246.544,327,0,8
1065,266.91,247.372,255,0,8
1066,299.132,247.988,250,0,8
1067,282.77,248.761,240,0,8
1068,191.475,248.979,274,0,8
1069,250.737,248.985,224,0,8
1070,291.683,249.094,262,0,8
1071,221.889,249.484,256,0,8
1072,221.515,249.913,256,0,8
1073,168.784,250.097,266,0,8
1074,358.137,250.268,205,0,8
1075,248.197,250.671,235,0,8
1076,215.53,250.902,276,0,8
1077,376.398,251.574,325,0,8
1078,256.128,251.643,220,0,8
1079,145.695,252.222,227,0,8
1080,167.272,252.347,261,0,8
1081,377.884,252.614,329,0,8
1082,336.336,252.815,157,0,8
1083,235.478,252.983,226,0,8
1084,276.248,253.026,214,1,8
1085,321.801,253.264,179,0,8
1086,164.143,253.348,263,0,8
1087,276.824,253.898,222,1,8
1088,183.845,254.069,248,0,8
1089,142.206,254.367,229,0,8
1090,151.415,254.811,228,0,8
1091,164.9,255.039,260,0,8
1092,322.522,255.481,172,0,8
1093,172.022,255.744,239,0,8
1094,329.826,256.269,137,0,8
1095,216.782,256.393,229,0,8
1096,233.173,256.487,206,1,8
1097,341.166,256.49,120,0,8
1098,199.059,256.774,245,0,8
1099,176.248,256.856,240,0,8
1100,246.211,257.004,199,1,8
1101,304.116,257.178,190,0,8
1102,261.033,257.946,218,1,8
1103,168.283,257.95,246,0,8
1104,241.386,257.955,199,1,8
1105,238.388,258.167,206,1,8
1106,166.854,258.216,243,0,8
1107,261.802,258.219,205,1,8
1108,328.027,258.385,135,0,8
1109,267.79,258.546,207,1,8
1110,210.807,258.753,250,0,8
1111,335.855,258.797,131,0,8
1112,240.766,258.826,193,1,8
1113,268.65,258.927,202,1,8
1114,132.612,258.952,208,0,8
1115,133.285,258.973,206,0,8
1116,195.841,259.09,249,1,8
1117,120.182,259.236,222,0,8
1118,195.446,259.275,247,1,8
1119,195.223,259.303,248,1,8
1120,286.976,259.335,186,1,8
1121,370.524,259.581,252,0,8
1122,247.657,259.677,201,1,8
1123,340.544,259.696,121,0,8
1124,223.795,259.78,201,1,8
1125,259.062,259.847,207,1,8
1126,358.721,259.912,178,1,8
1127,295.301,259.998,184,1,8
1128,181.985,260.158,224,1,8
1129,309.232,260.38,168,1,8
1130,280.259,260.382,189,1,8
1131,143.269,260.419,224,0,8
1132,367.715,261.151,228,0,8
1133,257.052,261.209,210,1,8
1134,359.908,261.221,173,1,8
1135,333.562,261.296,128,0,8
1136,306.803,261.514,163,1,8
1137,361.204,261.708,182,1,8
1138,354.164,261.749,154,1,8
1139,124.82,261.864,211,0,8
1140,347.83,261.914,147,1,8
1141,368.397,262.058,230,0,8
1142,288.914,262.231,179,1,8
1143,276.933,262.471,187,1,8
1144,235.676,262.61,194,1,8
1145,153.31,262.628,225,1,8
1146,151.888,262.644,221,1,8
1147,262.705,262.756,194,1,8
1148,253.724,263.118,201,1,8
1149,369.972,263.249,237,0,8
1150,138.854,263.312,230,1,8
1151,202.992,263.397,232,1,8
1152,255.164,263.433,206,1,8
1153,179.044,263.445,211,1,8
1154,226.697,263.483,190,1,8
1155,269.569,264.229,186,1,8
1156,176.638,264.276,227,1,8
1157,188.112,264.32,215,1,8
1158,119.521,264.342,215,0,8
1159,131.309,264.388,217,0,8
1160,108.035,264.541,222,0,8
1161,348.729,264.691,143,1,8
1162,206.131,264.749,232,1,8
1163,267.293,264.964,189,1,8
1164,241.117,265.01,181,1,8
1165,310.351,265.14,149,1,8
1166,250.162,265.481,191,1,8
1167,362.335,265.582,180,1,8
1168,358.437,265.584,165,1,8
1169,285.917,265.773,183,1,8
1170,155.432,265.779,223,1,8
1171,141.203,265.822,222,1,8
1172,217.099,265.994,212,1,8
1173,261.649,266.026,209,1,8
1174,181.108,266.237,213,1,8
1175,105.735,266.323,219,0,8
1176,112.038,266.481,220,0,8
1177,397.022,266.483,379,0,8
1178,321.053,266.501,128,1,8
1179,153.756,266.591,228,1,8
1180,175.147,267.035,209,1,8
1181,236.075,267.568,171,1,8
1182,365.962,267.834,226,1,8
1183,350.352,267.841,156,1,8
1184,314.474,267.889,135,1,8
1185,386.85,268.208,333,0,8
1186,161.21,268.239,224,1,8
1187,401.392,268.271,359,0,8
1188,346.266,268.386,133,1,8
1189,348.104,268.693,139,1,8
1190,271.358,269.107,186,1,8
1191,294.125,269.208,169,1,8
1192,184.243,269.275,199,1,8
1193,234.124,269.3,183,1,8
1194,347.027,269.484,137,1,8
1195,162.837,269.797,229,1,8
1196,220.961,269.839,217,1,8
1197,364.302,270.024,212,1,8
1198,331.139,270.079,102,1,8
1199,116.118,270.099,220,0,8
1200,116.917,270.293,221,1,8
1201,229.713,270.555,195,1,8
1202,229.983,270.753,195,1,8
1203,238.567,270.766,196,1,8
1204,274.811,270.851,186,1,8
1205,185.068,270.968,177,1,8
1206,284.224,270.97,185,1,8
1207,354.042,271.24,168,1,8
1208,205.727,271.55,229,1,8
1209,323.592,271.776,138,0,8
1210,345.636,271.783,146,1,8
1211,184.201,271.984,184,1,8
1212,328.682,272.08,108,1,8
1213,316.09,272.295,124,1,8
1214,189.263,272.365,162,1,8
1215,385.32,272.6,294,0,8
1216,347.378,272.672,155,1,8
1217,107.208,272.741,214,0,8
1218,159.461,272.871,235,1,8
1219,365.041,272.918,226,1,8
1220,231.64,272.95,199,1,8
1221,299.952,273.015,176,1,8
1222,412.013,273.039,306,0,8
1223,332.842,273.049,115,1,8
1224,111.92,273.059,219,1,8
1225,146.538,273.415,220,1,8
1226,307.841,273.426,161,1,8
1227,372.834,273.842,264,1,8
1228,193.835,273.965,190,1,8
1229,392.026,274.041,324,0,8
1230,222.816,274.215,222,1,8
1231,144.324,274.262,217,1,8
1232,242.165,274.344,222,1,8
1233,302.042,274.351,154,1,8
1234,362.578,274.592,203,1,8
1235,231.177,274.619,217,1,8
1236,278.387,274.685,189,0,8
1237,233.675,274.728,203,0,8
1238,103.443,275.113,223,1,8
1239,184.803,275.142,217,1,8
1240,393.87,275.359,327,0,8
1241,400.79,275.553,297,0,8
1242,221.329,275.558,230,0,8
1243,298.289,275.669,179,1,8
1244,374.334,275.758,266,0,8
1245,144.611,275.853,218,1,8
1246,332.076,275.981,131,1,8
1247,268.136,276.218,233,0,8
1248,326.374,276.345,134,0,8
1249,292.513,276.386,177,0,8
1250,297.682,277.079,181,0,8
1251,113.75,277.192,213,1,8
1252,147.492,277.268,218,1,8
1253,331.537,277.279,134,1,8
1254,377.427,277.387,286,0,8
1255,235.603,277.481,237,0,8
1256,243.231,277.59,234,0,8
1257,239.251,277.642,234,0,8
1258,294.783,277.717,170,0,8
1259,302.474,277.981,153,0,8
1260,282.085,277.982,196,0,8
1261,196.392,278.01,209,0,8
1262,177.292,278.063,199,1,8
1263,345.278,278.078,173,1,8
1264,109.286,278.229,218,1,8
1265,356.119,278.468,196,1,8
1266,357.73,278.505,198,1,8
1267,423.625,278.606,323,0,8
1268,136.73,278.689,241,1,8
1269,78.93,278.739,235,0,8
1270,432.592,278.896,369,0,8
1271,259.719,278.912,223,0,8
1272,286.788,278.92,198,0,8
1273,322.884,278.954,156,0,8
1274,211.168,279.157,256,0,8
1275,179.18,279.618,225,0,8
1276,268.326,279.856,231,0,8
1277,171.561,280.03,261,0,8
1278,138.141,280.041,248,1,8
1279,208.478,280.366,271,0,8
1280,186.663,280.399,239,0,8
1281,164.522,280.68,252,0,8
1282,59.41,280.906,222,0,8
1283,348.208,281.281,193,0,8
1284,273.862,281.305,231,0,8
1285,239.767,281.313,263,0,8
1286,223.403,281.412,265,0,8
1287,143.917,281.565,238,1,8
1288,191.103,281.635,248,0,8
1289,295.399,281.74,190,0,8
1290,425.464,281.741,303,0,8
1291,137.137,281.848,256,1,8
1292,188.508,282.094,244,0,8
1293,154.368,282.101,273,0,8
1294,366.112,282.204,275,0,8
1295,241.73,282.281,269,0,8
1296,207.249,282.409,277,0,8
1297,342.771,282.611,198,1,8
1298,108.523,282.87,220,1,8
1299,134.019,282.918,261,1,8
1300,73.189,283.025,248,0,8
1301,313.93,283.078,152,0,8
1302,94.959,283.585,219,1,8
1303,194.718,283.682,263,0,8
1304,193.331,283.738,263,0,8
1305,194.154,283.746,262,0,8
1306,66.523,283.799,245,0,8
1307,179.837,284.052,263,0,8
1308,87.172,284.134,235,0,8
1309,402.773,284.218,240,1,8
1310,95.734,284.532,230,1,8
1311,329.706,284.713,189,0,8
1312,421.923,284.761,284,0,8
1313,66.209,284.821,240,0,8
1314,147.831,285.022,262,0,8
1315,352.346,285.392,245,0,8
1316,418.201,285.682,249,0,8
1317,410.708,285.972,234,1,8
1318,407.996,286.008,226,1,8
1319,97.786,286.274,242,1,8
1320,105.21,286.344,224,1,8
1321,142.503,286.624,279,0,8
1322,394.864,286.816,251,1,8
1323,397.475,286.913,240,1,8
1324,406.111,287.297,227,1,8
1325,369.137,287.411,308,0,8
1326,128.558,287.806,254,0,8
1327,396.145,287.85,242,1,8
1328,319.44,287.986,186,0,8
1329,159.764,288.052,272,0,8
1330,345.851,288.391,239,0,8
1331,125.152,288.588,257,1,8
1332,61.673,288.598,214,0,8
1333,78.621,288.802,227,0,8
1334,130.534,288.951,273,0,8
1335,133.453,289.02,281,0,8
1336,52.622,289.037,199,0,8
1337,386.608,289.194,270,1,8
1338,378.179,289.508,304,0,8
1339,432.953,289.514,285,0,8
1340,111.583,289.604,242,1,8
1341,122.856,289.844,266,0,8
1342,96.347,289.895,253,1,8
1343,401.966,290.358,213,1,8
1344,148.248,290.486,282,0,8
1345,399.667,290.504,213,1,8
1346,355.627,290.567,277,0,8
1347,373.491,290.722,304,0,8
1348,156.122,290.744,280,0,8
1349,404.151,290.877,209,1,8
1350,43.668,291.399,217,0,8
1351,352.804,291.482,277,0,8
1352,62.382,291.554,210,0,8
1353,364.163,291.906,324,0,8
1354,102.177,292.04,251,1,8
1355,106.176,292.456,263,1,8
1356,423.479,292.576,239,1,8
1357,434.548,292.794,261,0,8
1358,109.868,292.862,261,1,8
1359,414.844,292.891,229,1,8
1360,411.84,293.004,223,1,8
1361,413.243,293.071,221,1,8
1362,57.86,293.158,202,1,8
1363,100.433,293.333,251,0,8
1364,60.88,293.369,198,1,8
1365,72.174,293.497,219,0,8
1366,431.476,293.868,250,0,8
1367,390.64,293.958,246,1,8
1368,375.155,294.645,335,0,8
1369,453.706,295.165,329,0,8
1370,92.286,295.358,258,0,8
1371,453.35,295.523,322,0,8
1372,409.412,296.241,207,1,8
1373,119.815,296.545,297,0,8
1374,109.014,297.536,277,0,8
1375,388.662,297.954,294,0,8
1376,443.069,298.013,270,0,8
1377,389.945,298.199,278,0,8
1378,58.091,298.559,189,1,8
1379,34.687,298.645,234,0,8
1380,50.432,299.391,216,1,8
1381,376.1,299.845,355,0,8
1382,43.395,300.136,220,1,8
1383,81.753,300.599,250,0,8
1384,408.577,300.765,230,1,8
1385,394.307,300.814,249,0,8
1386,397.963,301.312,229,1,8
1387,84.687,301.617,268,0,8
1388,22.648,301.845,285,0,8
1389,389.74,301.868,295,0,8
1390,30.152,302.263,240,0,8
1391,71.044,302.361,230,1,8
1392,95.351,302.391,306,0,8
1393,89.502,302.506,290,0,8
1394,69.746,302.796,224,1,8
1395,411.323,303.126,235,1,8
1396,407.588,303.313,232,1,8
1397,36.368,303.323,227,0,8
1398,461.43,303.426,329,0,8
1399,439.555,303.691,224,1,8
1400,414.359,303.901,224,1,8
1401,47.073,304.217,202,1,8
1402,63.546,304.552,217,1,8
1403,44.926,305.39,208,1,8
1404,51.622,306.263,196,1,8
1405,433.531,306.699,212,1,8
1406,57.161,306.967,213,1,8
1407,430.586,307.041,199,1,8
1408,403.957,307.223,255,0,8
1409,58.693,307.798,219,1,8
1410,86.84,307.898,310,0,8
1411,403.135,307.952,260,0,8
1412,54.973,308.618,203,1,8
1413,52.016,308.647,197,1,8
1414,62.335,308.819,228,1,8
1415,401.52,309.01,269,0,8
1416,38.483,309.053,200,1,8
1417,420.457,309.085,207,1,8
1418,456.877,309.287,264,0,8
1419,456.952,309.309,265,0,8
1420,51.381,309.339,198,1,8
1421,457.56,309.871,267,0,8
1422,436.883,310.057,224,1,8
1423,21.981,310.181,275,0,8
1424,21.398,310.923,280,0,8
1425,35.471,311.366,200,1,8
1426,432.437,311.366,208,1,8
1427,21.128,311.598,279,0,8
1428,423.895,311.641,226,1,8
1429,438.943,311.816,225,1,8
1430,64.802,311.944,237,1,8
1431,442.157,311.945,240,1,8
1432,452.978,312.366,235,0,8
1433,79.41,312.385,308,0,8
1434,447.133,312.509,220,1,8
1435,19.871,312.744,277,0,8
1436,441.051,313.418,240,1,8
1437,50.113,313.644,183,1,8
1438,459.358,313.731,264,0,8
1439,58.391,314.439,244,0,8
1440,416.987,314.997,250,0,8
1441,444.98,315.303,240,1,8
1442,427.267,315.886,249,0,8
1443,25.722,315.903,250,0,8
1444,36.154,316.095,208,1,8
1445,28.931,316.146,239,0,8
1446,449.315,316.324,229,1,8
1447,18.401,316.506,260,0,8
1448,419.095,316.961,257,0,8
1449,39.297,317.421,213,1,8
1450,466.399,317.743,276,0,8
1451,421.674,319.72,251,0,8
1452,435.218,321.225,235,1,8
1453,54.469,321.346,233,0,8
1454,476.266,321.411,303,0,8
1455,421.076,321.448,256,0,8
1456,54.068,321.808,226,0,8
1457,37.482,321.958,224,1,8
1458,61.027,322.163,264,0,8
1459,47.348,322.24,212,1,8
1460,435.536,322.356,235,1,8
1461,52.415,322.429,224,1,8
1462,424.367,323.119,276,0,8
1463,28.518,323.886,235,1,8
1464,40.202,324.015,224,1,8
1465,430.045,324.215,253,0,8
1466,47.988,324.866,235,0,8
1467,34.948,325.1,229,1,8
1468,33.205,325.15,228,1,8
1469,458.212,325.358,241,0,8
1470,25.605,325.391,243,1,8
1471,456.158,326.245,238,1,8
1472,467.677,326.964,284,0,8
1473,47.826,327.783,241,0,8
1474,438.462,328.804,236,1,8
1475,429.271,329.775,259,0,8
1476,478.2,329.863,285,0,8
1477,37.153,330.001,214,1,8
1478,23.087,331.747,222,1,8
1479,462.812,333.131,243,0,8
1480,450.655,334.172,235,1,8
1481,7.798,335.318,340,0,8
1482,19.35,335.468,252,1,8
1483,464.485,335.525,250,0,8
1484,12.362,336.383,305,0,8
1485,435.936,336.962,252,0,8
1486,474.028,337.023,267,0,8
1487,26.63,338.016,207,1,8
1488,43.022,338.1,223,0,8
1489,481.873,338.631,244,0,8
1490,8.743,338.975,352,0,8
1491,41.099,339.342,228,1,8
1492,475.227,339.598,263,0,8
1493,18.12,339.686,273,0,8
1494,16.05,340.187,277,0,8
1495,440.528,341.442,227,0,8
1496,45.626,342.268,268,0,8
1497,464.897,343.644,223,1,8
1498,465.009,343.714,224,0,8
1499,24.172,343.841,223,1,8
1500,13.156,344.062,308,0,8
1501,16.346,344.69,271,0,8
1502,461.818,344.828,207,1,8
1503,441.551,345.23,246,1,8
1504,49.718,345.273,274,0,8
1505,10.583,345.6,333,0,8
1506,434.374,345.867,243,0,8
1507,41.708,347.081,273,0,8
1508,435.825,347.081,256,0,8
1509,433.06,348.892,241,0,8
1510,473.169,349.682,211,0,8
1511,29.856,350.191,235,1,8
1512,35.786,350.472,260,1,8
1513,450.58,350.598,207,1,8
1514,431.13,350.641,262,0,8
1515,32.469,350.818,245,1,8
1516,447.728,352.005,194,1,8
1517,46.813,352.385,284,0,8
1518,446.941,352.849,209,1,8
1519,452.782,353.004,194,1,8
1520,446.78,353.006,209,1,8
1521,467.267,353.183,179,0,8
1522,479.124,353.347,217,0,8
1523,55.947,353.436,313,0,8
1524,14.524,353.603,300,0,8
1525,40.931,354.262,272,0,8
1526,24.811,355.822,251,1,8
1527,429.494,355.828,244,0,8
1528,443.649,356.951,200,0,8
1529,36.016,357.015,256,1,8
1530,444.773,357.025,201,0,8
1531,476.866,358.237,223,0,8
1532,18.972,358.39,274,0,8
1533,447.278,359.067,188,1,8
1534,440.322,359.597,183,1,8
1535,445.592,359.608,179,1,8
1536,27.594,360.195,271,1,8
1537,427.076,360.605,242,0,8
1538,460.865,360.605,156,1,8
1539,62.738,361.133,309,0,8
1540,448.514,361.48,186,1,8
1541,472.407,362.644,201,0,8
1542,30.845,362.74,271,1,8
1543,442.663,363.271,173,1,8
1544,11.956,364.116,326,0,8
1545,474.53,364.429,209,0,8
1546,471.83,366.58,209,0,8
1547,425.996,367.085,239,0,8
1548,450.208,367.423,149,1,8
1549,463.023,367.791,176,0,8
1550,422.702,368.899,260,0,8
1551,39.715,368.951,254,1,8
1552,459.782,369.416,156,1,8
1553,63.116,369.837,267,0,8
1554,465.469,369.922,180,0,8
1555,468.761,370.088,196,0,8
1556,75.864,370.152,273,0,8
1557,424.841,370.183,242,0,8
1558,56.519,370.269,273,0,8
1559,17.142,370.489,331,0,8
1560,449.539,370.556,163,1,8
1561,53.734,371.545,265,1,8
1562,455.02,371.707,165,1,8
1563,451.784,372.544,160,1,8
1564,463.597,372.888,186,0,8
1565,470.532,373.245,216,0,8
1566,53.113,373.63,253,1,8
1567,75.981,373.892,236,0,8
1568,26.442,375.309,299,0,8
1569,446.385,375.791,161,1,8
1570,420.762,375.909,228,0,8
1571,405.21,376.181,280,0,8
1572,444.529,376.501,160,1,8
1573,49.221,376.644,253,1,8
1574,458.636,376.864,179,0,8
1575,446.2,376.875,165,1,8
1576,72.552,377.098,217,0,8
1577,27.995,377.312,301,0,8
1578,37.978,377.388,288,0,8
1579,68.11,377.472,206,0,8
1580,444.084,377.758,159,1,8
1581,431.754,378.545,193,1,8
1582,437.278,378.593,164,1,8
1583,45.921,378.705,253,1,8
1584,438.268,378.901,168,1,8
1585,433.499,379.803,184,1,8
1586,457.91,379.863,189,0,8
1587,85.698,380.122,193,0,8
1588,70.221,380.266,202,1,8
1589,91.282,381.058,208,0,8
1590,81.266,381.555,177,1,8
1591,392.807,381.579,267,0,8
1592,399.774,381.619,252,0,8
1593,396.336,382.252,247,0,8
1594,55.135,382.346,205,1,8
1595,59.946,382.474,189,1,8
1596,398.408,383.121,245,0,8
1597,48.354,383.203,214,0,8
1598,98.302,383.25,227,0,8
1599,98.906,383.296,234,0,8
1600,94.322,383.477,221,0,8
1601,449.901,383.51,159,1,8
1602,426.936,383.646,197,1,8
1603,32.217,383.8,289,0,8
1604,71.897,384.142,181,1,8
1605,35.171,384.492,314,0,8
1606,437.593,384.646,176,1,8
1607,418.134,384.903,200,0,8
1608,439.894,385.014,183,1,8
1609,66.915,385.652,181,1,8
1610,435.048,385.943,163,1,8
1611,452.215,385.959,175,0,8
1612,395.719,386.118,211,1,8
1613,74.33,386.576,163,1,8
1614,65.754,386.654,178,1,8
1615,74.614,386.659,164,1,8
1616,381.522,386.891,272,0,8
1617,386.21,386.943,253,0,8
1618,382.863,386.952,269,0,8
1619,29.363,386.997,314,0,8
1620,33.847,387.077,316,0,8
1621,103.896,387.175,199,0,8
1622,77.671,387.262,153,1,8
1623,427.456,388.137,199,1,8
1624,92.832,388.358,189,0,8
1625,101.558,388.536,194,0,8
1626,380.181,389.217,249,0,8
1627,52.869,389.467,190,1,8
1628,436.547,389.647,164,1,8
1629,395.41,390.354,190,1,8
1630,436.104,390.371,168,1,8
1631,368.282,390.461,290,0,8
1632,67.756,390.925,160,1,8
1633,435.992,391.306,172,1,8
1634,433.946,391.346,175,0,8
1635,437.983,392.456,167,0,8
1636,67.603,392.698,158,1,8
1637,43.805,392.703,231,0,8
1638,387.72,392.743,221,1,8
1639,75.721,392.82,157,1,8
1640,91.755,392.94,166,1,8
1641,84.958,392.993,159,1,8
1642,350.834,393.015,309,0,8
1643,412.508,393.212,218,1,8
1644,448.146,393.502,193,0,8
1645,94.032,393.635,156,1,8
1646,421.458,393.757,208,1,8
1647,399.452,393.855,201,1,8
1648,85.894,394.246,151,1,8
1649,76.829,394.409,154,1,8
1650,420.05,394.812,201,0,8
1651,31.469,394.823,305,0,8
1652,48.814,394.997,207,0,8
1653,88.208,395.247,143,1,8
1654,377.197,395.342,245,1,8
1655,99.782,395.363,143,1,8
1656,114.505,395.536,162,0,8
1657,131.893,395.601,172,0,8
1658,424.151,396.003,209,0,8
1659,428.045,396.207,205,0,8
1660,64.925,396.343,162,1,8
1661,382.259,396.419,216,1,8
1662,400.564,396.719,202,1,8
1663,338.582,397.027,311,0,8
1664,420.547,397.059,208,0,8
1665,113.269,397.283,154,0,8
1666,111.269,397.428,150,0,8
1667,361.969,397.622,279,0,8
1668,380.704,397.84,222,1,8
1669,118.64,397.862,146,0,8
1670,65.474,397.864,168,1,8
1671,149.382,398.016,149,0,8
1672,357.426,398.042,288,0,8
1673,83.199,398.172,144,1,8
1674,351.375,398.205,309,0,8
1675,383.83,398.269,224,1,8
1676,409.073,398.274,208,0,8
1677,116.504,398.588,143,0,8
1678,410.204,399.163,213,0,8
1679,110.656,399.239,144,1,8
1680,319.2,399.345,272,0,8
1681,375.708,399.624,236,1,8
1682,115.02,399.69,139,1,8
1683,79.99,399.942,125,1,8
1684,60.61,399.962,185,0,8
1685,117.998,400.035,138,0,8
1686,165.375,400.069,170,0,8
1687,64.08,400.093,176,1,8
1688,111.713,400.172,136,1,8
1689,406.533,400.324,203,1,8
1690,156.759,400.334,149,0,8
1691,64.368,400.932,167,0,8
1692,389.044,400.936,195,1,8
1693,324.707,401.197,272,0,8
1694,53.383,401.396,211,0,8
1695,384.84,401.565,210,1,8
1696,172.728,401.743,163,0,8
1697,157.021,401.853,156,0,8
1698,343.209,401.875,290,0,8
1699,388.29,402.187,195,1,8
1700,135.45,402.325,139,0,8
1701,407.202,402.33,226,0,8
1702,78.412,402.465,130,1,8
1703,296.567,402.621,282,0,8
1704,117.548,402.827,127,1,8
1705,276.546,403.014,304,0,8
1706,119.355,403.016,115,1,8
1707,427.567,403.036,209,0,8
1708,237.441,403.141,328,0,8
1709,171.03,403.242,163,0,8
1710,94.776,403.431,127,1,8
1711,400.29,403.583,206,1,8
1712,364.009,403.632,252,1,8
1713,216.281,403.738,243,0,8
1714,69.344,403.834,151,0,8
1715,394.043,403.837,194,1,8
1716,228.186,404.266,328,0,8
1717,127.521,404.302,120,1,8
1718,291.202,404.565,280,0,8
1719,390.223,404.643,198,1,8
1720,183.113,404.72,191,0,8
1721,263.353,404.726,371,0,8
1722,300.303,404.822,259,0,8
1723,123.494,404.996,109,1,8
1724,335.635,405.027,283,0,8
1725,343.935,405.111,282,0,8
1726,92.976,405.224,131,1,8
1727,305.999,405.251,258,0,8
1728,390.917,405.78,205,1,8
1729,302.855,405.923,250,0,8
1730,87.612,405.967,144,1,8
1731,303.317,405.982,250,0,8
1732,167.863,406.165,161,0,8
1733,120.956,406.173,97,1,8
1734,305.291,406.215,242,0,8
1735,270.593,406.391,286,0,8
1736,169.89,406.627,146,0,8
1737,126.54,406.846,113,1,8
1738,153.452,406.889,152,0,8
1739,195.68,407.109,213,0,8
1740,89.24,407.149,135,0,8
1741,305.034,407.174,235,0,8
1742,63.834,407.371,192,0,8
1743,301.158,407.389,241,0,8
1744,304.714,407.514,233,0,8
1745,405.399,407.597,235,0,8
1746,208.884,407.714,211,0,8
1747,232.737,408.015,303,0,8
1748,275.488,408.147,287,0,8
1749,287.802,408.291,246,1,8
1750,318.68,408.54,220,1,8
1751,228.677,408.656,307,0,8
1752,135.582,408.736,124,1,8
1753,191.883,408.816,197,0,8
1754,255.725,408.868,362,0,8
1755,73.7,408.875,159,0,8
1756,82.104,408.895,139,0,8
1757,130.995,408.988,117,1,8
1758,209.892,409.092,207,0,8
1759,227.285,409.217,306,0,8
1760,70.635,409.332,169,0,8
1761,266.255,409.427,300,0,8
1762,135.223,409.595,121,1,8
1763,160.665,409.705,142,0,8
1764,320.522,409.815,215,1,8
1765,90.167,410.206,131,0,8
1766,213.1,410.277,222,1,8
1767,138.504,410.321,126,1,8
1768,281.102,410.354,254,1,8
1769,284.847,410.361,235,1,8
1770,226.241,410.568,300,0,8
1771,107.758,410.612,110,1,8
1772,178.291,410.675,164,1,8
1773,209.163,410.84,210,1,8
1774,158.839,410.947,135,1,8
1775,351.67,410.951,277,0,8
1776,363.075,411.015,250,1,8
1777,415.817,411.583,263,0,8
1778,229.033,411.662,304,0,8
1779,336.566,411.77,244,0,8
1780,285.446,411.998,240,1,8
1781,260.778,412.067,307,0,8
1782,327.692,412.193,222,1,8
1783,341.677,412.277,266,0,8
1784,257.165,412.331,334,0,8
1785,102.502,412.379,124,1,8
1786,380.025,412.558,232,1,8
1787,279.12,412.833,246,1,8
1788,152.226,412.855,132,1,8
1789,403.768,412.856,247,0,8
1790,257.718,412.965,325,1,8
1791,367.371,413.262,244,0,8
1792,283.121,413.349,237,1,8
1793,169.409,413.67,151,1,8
1794,190.529,413.784,182,0,8
1795,190.273,413.899,184,0,8
1796,271.932,414.035,236,1,8
1797,95.789,414.043,137,0,8
1798,197.375,414.109,181,1,8
1799,109.047,414.293,112,1,8
1800,381.669,414.33,229,0,8
1801,315.492,414.358,199,1,8
1802,197.753,414.381,182,1,8
1803,221.842,414.473,271,1,8
1804,253.467,414.664,339,1,8
1805,139.782,415.115,113,1,8
1806,129.748,415.173,111,1,8
1807,383.414,415.2,240,1,8
1808,197.434,415.202,183,1,8
1809,269.046,415.209,234,1,8
1810,124.115,415.262,95,1,8
1811,80.432,415.289,151,0,8
1812,190.811,415.4,187,1,8
1813,220.093,415.472,265,1,8
1814,237.711,415.537,331,0,8
1815,264.897,415.572,272,1,8
1816,407.023,415.673,252,0,8
1817,295.996,415.991,207,1,8
1818,97.247,416.01,144,0,8
1819,315.275,416.778,198,1,8
1820,151.172,417.074,140,1,8
1821,118.479,417.095,101,1,8
1822,188.836,417.103,172,1,8
1823,281.86,417.163,245,1,8
1824,199.862,417.181,191,1,8
1825,295.567,417.203,200,1,8
1826,207.787,417.346,217,1,8
1827,188.622,417.373,168,1,8
1828,353.395,417.424,268,1,8
1829,258.27,417.529,297,1,8
1830,106.041,417.726,124,0,8
1831,308.96,417.742,191,1,8
1832,211.704,417.878,234,1,8
1833,173.589,417.888,159,1,8
1834,104.555,418.093,127,0,8
1835,335.207,418.16,224,1,8
1836,112.874,418.188,109,1,8
1837,354.632,418.37,277,1,8
1838,125.739,418.416,102,1,8
1839,234.507,418.468,316,1,8
1840,310.619,418.775,177,1,8
1841,387.325,418.898,272,0,8
1842,325.105,419.289,187,1,8
1843,382.581,419.315,260,0,8
1844,271.513,419.377,215,1,8
1845,212.78,419.444,229,1,8
1846,377.046,419.455,255,0,8
1847,140.49,419.932,138,1,8
1848,218.959,420.131,252,1,8
1849,317.028,420.228,201,1,8
1850,254.704,420.249,303,1,8
1851,309.1,420.443,189,1,8
1852,173.306,420.526,173,1,8
1853,92.599,420.669,166,0,8
1854,337.386,421.004,251,0,8
1855,134.898,421.141,134,1,8
1856,314.054,421.248,197,1,8
1857,154.881,421.634,175,1,8
1858,349.701,421.652,288,0,8
1859,201.895,421.718,211,1,8
1860,166.255,421.931,156,1,8
1861,378.984,422.004,275,0,8
1862,371.817,422.008,277,0,8
1863,99.406,422.288,178,0,8
1864,196.673,422.573,202,1,8
1865,330.035,422.856,210,1,8
1866,316.572,423.484,219,1,8
1867,118.361,423.503,130,0,8
1868,175.443,423.556,182,1,8
1869,283.699,423.558,240,1,8
1870,279.992,423.596,225,1,8
1871,212.343,423.602,246,1,8
1872,185.609,423.917,189,1,8
1873,366.829,424.024,310,0,8
1874,129.466,424.13,169,0,8
1875,218.038,424.521,241,1,8
1876,363.769,424.607,287,0,8
1877,338.379,424.652,257,0,8
1878,176.376,424.839,205,1,8
1879,271.134,424.855,230,1,8
1880,120.665,425.106,148,0,8
1881,311.792,425.296,202,1,8
1882,97.952,425.347,217,0,8
1883,297.329,425.654,230,1,8
1884,313,425.869,218,1,8
1885,340.875,426.126,274,0,8
1886,245.642,426.362,319,1,8
1887,319.669,426.467,210,1,8
1888,126.147,426.478,182,0,8
1889,293.242,426.633,237,0,8
1890,375.438,426.635,308,0,8
1891,175.931,426.949,211,1,8
1892,170.395,427.14,212,1,8
1893,281.535,427.357,233,1,8
1894,207.034,427.407,248,1,8
1895,137.681,427.607,187,0,8
1896,152.751,427.649,204,0,8
1897,150.81,427.675,215,0,8
1898,114.123,427.772,184,0,8
1899,200.928,427.941,223,1,8
1900,200.511,427.955,219,1,8
1901,287.307,428.207,250,0,8
1902,210.663,428.231,256,1,8
1903,128.275,428.488,199,0,8
1904,175.522,428.597,213,1,8
1905,186.077,429.118,218,1,8
1906,179.995,429.387,225,1,8
1907,321.488,429.445,220,0,8
1908,163.642,429.528,214,1,8
1909,205.247,429.563,260,1,8
1910,171.426,429.853,231,1,8
1911,177.699,430.005,231,1,8
1912,198.463,430.006,237,1,8
1913,158.042,430.115,212,0,8
1914,312.424,430.181,237,1,8
1915,251.255,430.57,317,0,8
1916,344.933,431.301,310,0,8
1917,277.793,431.339,251,0,8
1918,317.931,431.572,244,0,8
1919,134.386,431.874,215,0,8
1920,262.219,432.229,276,0,8
1921,173.95,432.248,246,0,8
1922,337.756,432.272,295,0,8
1923,157.268,432.455,233,0,8
1924,325.985,432.681,245,0,8
1925,309.701,432.849,236,0,8
1926,149.632,433.107,259,0,8
1927,219.665,434.107,334,0,8
1928,150.417,434.508,267,0,8
1929,264.571,434.546,281,0,8
1930,160.359,434.736,257,0,8
1931,272.937,434.785,271,0,8
1932,270.371,434.949,287,0,8
1933,322.39,435.133,257,0,8
1934,289.899,435.177,275,0,8
1935,225.679,435.41,339,0,8
1936,303.837,435.479,247,0,8
1937,206.045,436.023,300,0,8
1938,188.361,436.104,266,0,8
1939,169.052,436.336,250,0,8
1940,325.641,436.469,274,0,8
1941,265.566,436.524,298,0,8
1942,230.877,436.569,352,0,8
1943,264.409,436.615,298,0,8
1944,171.919,436.719,275,0,8
1945,293.566,436.723,293,0,8
1946,193.055,436.953,279,0,8
1947,213.511,437.019,328,0,8
1948,192.08,437.213,286,0,8
1949,183.244,437.523,276,0,8
1950,228.015,438.665,364,0,8
1951,288.79,438.928,310,0,8
1952,258.736,439.333,339,0,8
1953,297.477,439.6,292,0,8
1954,203.887,440.687,334,0,8
1955,298.536,440.791,295,0,8
1956,243.962,440.814,394,0,8
1957,238.526,441.593,397,0,8
1958,251.937,442.055,368,0,8
1959,200.09,442.546,358,0,8
1960,272.275,445.758,363,0,8
1961,216.038,64.569,142,0,9
1962,259.969,68.072,259,0,9
1963,226.852,68.191,141,0,9
1964,126.801,68.228,144,0,9
1965,190.483,68.481,145,0,9
1966,47.035,68.538,42,0,9
1967,309.29,68.687,280,0,9
1968,231.062,68.763,145,0,9
1969,133.637,68.782,156,0,9
1970,121.143,68.878,126,0,9
1971,54.094,68.93,53,0,9
1972,113.246,69.092,103,0,9
1973,217.701,69.131,134,0,9
1974,264.302,69.184,255,0,9
1975,116.821,69.283,125,0,9
1976,251.889,69.384,239,0,9
1977,284.77,69.565,284,0,9
1978,32.783,69.609,30,0,9
1979,90.353,69.805,79,0,9
1980,115.059,70.588,111,0,9
1981,293.519,70.663,289,0,9
1982,242.242,70.84,176,0,9
1983,81.168,70.878,60,0,9
1984,21.727,71.013,31,0,9
1985,275.25,71.139,262,0,9
1986,233.191,71.16,146,0,9
1987,152.262,71.197,164,0,9
1988,253.069,71.225,227,0,9
1989,327.389,71.249,339,0,9
1990,121.669,71.339,121,0,9
1991,145.722,71.481,154,0,9
1992,278.585,71.559,268,0,9
1993,320.408,71.723,285,0,9
1994,188.685,71.897,133,0,9
1995,48.953,71.91,45,0,9
1996,201.272,72.19,126,0,9
1997,132.484,72.435,144,0,9
1998,298.292,72.518,256,0,9
1999,281.398,72.732,273,0,9
2000,58.985,72.888,55,0,9
2001,311.518,72.891,247,0,9
2002,162.008,73.114,159,0,9
2003,130.284,73.427,142,0,9
2004,146.881,73.517,142,0,9
2005,170.891,73.995,131,0,9
2006,206.398,74.276,123,0,9
2007,40.033,74.325,34,0,9
2008,269.955,74.645,242,0,9
2009,174.767,74.719,118,0,9
2010,214.988,74.723,111,0,9
2011,324.542,75.255,288,0,9
2012,150.483,75.369,149,0,9
2013,129.035,75.443,134,1,9
2014,155.305,75.505,151,0,9
2015,211.502,75.519,117,0,9
2016,50.613,75.772,47,1,9
2017,102.179,75.819,84,0,9
2018,73.408,75.876,58,0,9
2019,29.382,76.012,33,0,9
2020,65.628,76.131,56,0,9
2021,24.719,76.158,34,0,9
2022,151.859,76.227,151,0,9
2023,64.69,76.368,57,0,9
2024,305.816,76.428,233,0,9
2025,195.407,76.619,112,0,9
2026,17.618,76.707,37,0,9
2027,54.673,76.753,54,0,9
2028,60.474,76.761,52,0,9
2029,318.516,76.837,234,0,9
2030,321.917,76.855,258,0,9
2031,35.155,77.012,31,1,9
2032,247.068,77.082,165,0,9
2033,253.91,77.438,204,0,9
2034,331.232,77.468,333,0,9
2035,142.261,77.667,136,1,9
2036,184.225,77.736,108,0,9
2037,55.245,77.925,52,0,9
2038,22.438,77.946,35,0,9
2039,220.875,78.13,112,0,9
2040,300.542,78.151,213,1,9
2041,199.753,78.471,111,0,9
2042,113.973,78.928,98,0,9
2043,50.868,78.939,49,1,9
2044,276.967,78.989,244,1,9
2045,90.211,79.071,73,0,9
2046,187.05,79.109,112,0,9
2047,68.587,79.172,56,1,9
2048,89.968,79.221,72,0,9
2049,255.24,79.41,202,0,9
2050,109.145,79.592,84,0,9
2051,164.547,79.603,132,1,9
2052,317.82,80.373,221,1,9
2053,23.927,80.504,37,0,9
2054,183.279,80.504,99,1,9
2055,289.186,80.511,204,1,9
2056,28.05,80.915,34,0,9
2057,250.365,81.036,162,0,9
2058,178.396,81.042,105,0,9
2059,28.819,81.143,34,1,9
2060,323.43,81.213,246,0,9
2061,77.37,81.326,47,1,9
2062,283.176,81.482,223,1,9
2063,247.943,81.576,152,0,9
2064,38.135,81.592,39,1,9
2065,105.994,81.689,80,0,9
2066,79.447,81.78,50,1,9
2067,100.859,81.948,76,1,9
2068,173.988,82.143,100,0,9
2069,89.099,82.281,62,1,9
2070,214.795,82.535,99,1,9
2071,284.032,83.041,208,1,9
2072,219.699,83.054,108,1,9
2073,248.964,83.423,154,1,9
2074,107.399,83.517,79,1,9
2075,140.64,83.611,134,1,9
2076,329.821,83.693,281,0,9
2077,130.003,83.758,130,1,9
2078,172.473,83.817,98,1,9
2079,254.236,84.097,170,0,9
2080,313.376,84.138,211,1,9
2081,203.77,84.203,103,1,9
2082,125.307,84.468,113,1,9
2083,45.832,84.49,45,1,9
2084,75.458,84.596,46,1,9
2085,112.016,84.655,89,1,9
2086,41.348,84.674,42,1,9
2087,51.149,85.005,52,1,9
2088,315.754,85.203,198,1,9
2089,267.122,85.436,205,1,9
2090,297.382,85.729,196,1,9
2091,231.815,86.061,98,1,9
2092,307.544,86.256,207,1,9
2093,176.354,86.404,97,1,9
2094,284.96,86.528,209,1,9
2095,67.625,86.571,52,1,9
2096,139.114,86.722,120,1,9
2097,234.676,86.8,107,1,9
2098,100.566,87.184,71,1,9
2099,290.86,87.39,224,1,9
2100,65.152,87.445,52,1,9
2101,140.329,87.487,126,1,9
2102,91.613,87.869,61,1,9
2103,125.958,88.053,123,1,9
2104,301.209,88.087,186,1,9
2105,96.868,88.464,63,1,9
2106,170.37,88.633,90,1,9
2107,158.962,88.723,110,1,9
2108,137.036,88.84,128,1,9
2109,71.383,88.961,51,1,9
2110,228.559,89.153,107,1,9
2111,26.029,89.203,44,1,9
2112,214.032,89.258,104,1,9
2113,285.57,89.352,219,1,9
2114,59.543,89.465,51,1,9
2115,138.531,89.481,132,1,9
2116,205.344,89.501,103,1,9
2117,92.804,89.609,59,1,9
2118,160.633,90.148,109,1,9
2119,70.26,90.168,52,1,9
2120,21.191,90.175,45,0,9
2121,216.693,90.176,106,1,9
2122,209.759,90.274,99,1,9
2123,302.575,90.312,192,1,9
2124,143.856,90.406,133,1,9
2125,67.907,90.611,52,1,9
2126,276.088,90.629,213,1,9
2127,88.006,90.715,63,1,9
2128,299.906,91.006,193,1,9
2129,171.044,91.052,90,1,9
2130,331.807,91.092,292,0,9
2131,119.989,91.217,117,1,9
2132,176.423,91.278,88,1,9
2133,149.279,91.325,133,1,9
2134,167.107,91.329,97,1,9
2135,143.313,91.353,135,1,9
2136,174.943,91.396,92,1,9
2137,185.274,91.51,98,1,9
2138,213.281,91.533,104,1,9
2139,84.65,91.606,52,1,9
2140,81.736,91.847,49,1,9
2141,271.966,92.033,223,1,9
2142,108.697,92.295,85,1,9
2143,319.142,92.307,205,1,9
2144,282.125,92.573,228,1,9
2145,289.827,92.748,216,1,9
2146,224.473,92.762,99,1,9
2147,123.146,92.857,134,1,9
2148,182.346,93.09,95,1,9
2149,180.999,93.371,101,1,9
2150,319.819,93.381,216,1,9
2151,314.32,93.69,205,1,9
2152,245.298,93.733,121,1,9
2153,325.169,93.746,245,0,9
2154,147.988,93.752,135,1,9
2155,305.636,93.766,206,1,9
2156,326.576,93.977,250,0,9
2157,142.553,94.007,136,1,9
2158,279.95,94.095,234,1,9
2159,34.828,94.239,51,1,9
2160,229.302,94.68,102,1,9
2161,269.226,94.857,225,1,9
2162,280.481,94.905,223,1,9
2163,304.076,95.292,203,1,9
2164,310.945,95.436,207,1,9
2165,270.629,95.601,226,1,9
2166,99.083,95.623,73,1,9
2167,172.993,95.744,94,1,9
2168,192.915,95.776,94,1,9
2169,128.415,95.79,137,1,9
2170,295.165,96.015,195,1,9
2171,32.332,96.076,54,1,9
2172,287.144,96.099,205,1,9
2173,45.044,96.237,53,1,9
2174,262.497,96.386,221,1,9
2175,236.939,96.547,118,1,9
2176,18.619,96.615,58,0,9
2177,30.025,97.059,52,1,9
2178,292.227,97.319,211,1,9
2179,151.36,97.467,125,1,9
2180,218.971,97.701,99,1,9
2181,83.275,97.813,64,1,9
2182,204.796,97.934,115,0,9
2183,67.156,98.011,55,0,9
2184,218.354,98.038,100,1,9
2185,238.965,98.246,120,1,9
2186,260.378,98.251,212,1,9
2187,163.495,98.358,105,1,9
2188,175.281,98.624,94,1,9
2189,80.47,99.037,57,1,9
2190,127.306,99.195,141,0,9
2191,103.745,99.497,91,1,9
2192,243.78,99.689,131,1,9
2193,268.029,99.763,245,0,9
2194,267.519,99.886,247,0,9
2195,118.059,100.328,139,0,9
2196,325.927,100.549,272,0,9
2197,73.978,100.794,65,0,9
2198,207.397,100.795,110,0,9
2199,159.43,101.157,115,1,9
2200,168.411,101.163,97,1,9
2201,237.872,101.487,138,1,9
2202,165.358,101.519,101,1,9
2203,237.318,101.524,139,1,9
2204,328.292,101.575,294,0,9
2205,240.2,101.601,125,1,9
2206,272.841,101.612,227,0,9
2207,165.878,101.694,103,1,9
2208,261.697,101.72,224,0,9
2209,61.133,101.851,61,0,9
2210,31.865,101.905,63,0,9
2211,236.33,102.284,139,0,9
2212,102.728,102.351,92,0,9
2213,71.598,102.415,69,0,9
2214,159.945,102.417,118,0,9
2215,302.044,102.431,221,0,9
2216,62.701,102.641,65,0,9
2217,98.283,102.789,96,0,9
2218,161.741,102.86,124,0,9
2219,38.412,102.886,64,0,9
2220,134.135,102.904,138,1,9
2221,259.747,102.947,226,0,9
2222,273.514,102.993,225,0,9
2223,88.192,103.002,78,0,9
2224,233.505,103.258,132,0,9
2225,187.762,103.601,116,0,9
2226,321.573,103.626,254,0,9
2227,93.934,103.76,91,0,9
2228,193.371,103.796,122,0,9
2229,135.355,104.132,135,1,9
2230,36.662,104.369,67,0,9
2231,314.72,104.4,241,0,9
2232,39.133,104.498,65,0,9
2233,301.723,105.178,242,0,9
2234,207.05,105.296,121,0,9
2235,316.657,105.436,255,0,9
2236,95.38,105.52,98,0,9
2237,122.636,105.828,153,0,9
2238,208.624,105.845,118,0,9
2239,74.73,105.853,83,0,9
2240,241.581,106.008,149,0,9
2241,92.035,106.078,94,0,9
2242,197.053,106.129,127,0,9
2243,330.499,106.441,339,0,9
2244,221.783,106.579,106,1,9
2245,235.862,106.819,143,0,9
2246,126.396,107.061,155,0,9
2247,299.646,107.462,253,0,9
2248,291.655,108.077,272,0,9
2249,162.565,108.361,116,0,9
2250,317.621,108.413,277,0,9
2251,259.006,108.686,233,0,9
2252,232.675,108.73,144,0,9
2253,107.594,109.229,141,0,9
2254,246.555,109.607,206,0,9
2255,107.186,109.662,143,0,9
2256,291.912,109.756,289,0,9
2257,14.943,109.986,86,0,9
2258,263.578,110.154,261,0,9
2259,124.427,110.471,168,0,9
2260,182.642,110.55,128,0,9
2261,69.485,110.585,88,0,9
2262,243.13,110.616,191,0,9
2263,42.772,110.768,77,0,9
2264,124.332,110.81,170,0,9
2265,226.114,110.826,129,0,9
2266,141.028,110.828,157,0,9
2267,57.366,110.88,85,0,9
2268,37.275,111.523,78,0,9
2269,110.56,111.854,161,0,9
2270,312.287,111.995,286,0,9
2271,117.429,112.038,172,0,9
2272,152.64,112.135,166,0,9
2273,33.276,112.226,82,0,9
2274,20.122,112.335,91,0,9
2275,156.552,112.412,149,0,9
2276,44.408,112.495,78,0,9
2277,196.111,112.736,136,0,9
2278,224.993,112.877,138,0,9
2279,56.858,113.207,86,0,9
2280,199.195,113.672,127,0,9
2281,279.222,113.841,278,0,9
2282,99.84,113.858,137,0,9
2283,144.907,113.889,157,0,9
2284,257.113,113.893,246,0,9
2285,216.907,114.343,139,0,9
2286,151.554,114.535,167,0,9
2287,157.445,116.146,156,0,9
2288,271.068,116.208,302,0,9
2289,638.429,69.833,431,0,10
2290,646.873,70.219,454,0,10
2291,642.615,70.236,455,0,10
2292,637.159,73.381,393,0,10
2293,646.356,76.271,399,0,10
2294,628.895,77.097,382,0,10
2295,653.458,77.615,397,0,10
2296,648.93,79.587,367,1,10
2297,628.01,79.848,370,0,10
2298,633.666,80.951,337,1,10
2299,635.234,81.065,323,1,10
2300,630.515,81.439,357,0,10
2301,633.983,81.757,328,1,10
2302,651.337,82.528,344,0,10
2303,633.844,84.471,327,1,10
2304,644.083,85.89,327,1,10
2305,628.277,87.093,343,0,10
2306,650.184,87.129,316,1,10
2307,642.5,87.839,330,1,10
2308,619.365,89.899,373,0,10
2309,641.343,90.272,334,1,10
2310,631.953,90.276,325,1,10
2311,645.859,90.376,323,1,10
2312,652.053,90.481,339,1,10
2313,635.287,92.205,324,1,10
2314,650.558,92.824,341,1,10
2315,629.853,94.01,335,1,10
2316,660.985,94.011,370,0,10
2317,616.468,94.085,354,0,10
2318,659.341,96.81,356,0,10
2319,655.865,99.736,340,0,10
2320,658.268,100.376,323,0,10
2321,643.042,102.249,358,1,10
2322,616.289,102.478,340,0,10
2323,648.069,102.873,343,1,10
2324,645.295,105.293,353,1,10
2325,629.751,106.066,351,0,10
2326,647.14,108.757,359,0,10
2327,656.369,110.216,376,0,10
2328,639.052,110.412,360,1,10
2329,637.992,112.942,369,1,10
2330,626.31,113.467,330,0,10
2331,613.896,117.119,338,0,10
2332,626.995,117.563,341,1,10
2333,649.304,117.694,370,0,10
2334,628.444,118.015,333,1,10
2335,660.578,118.683,321,0,10
2336,624.272,120.167,339,0,10
2337,647.534,121.18,355,1,10
2338,652.477,121.476,325,0,10
2339,623.795,121.7,345,0,10
2340,646.952,121.884,356,1,10
2341,615.776,123.529,320,0,10
2342,650.71,123.953,349,0,10
2343,631.923,124.434,323,1,10
2344,658.523,125.339,303,0,10
2345,625.508,125.495,316,0,10
2346,640.05,125.601,339,1,10
2347,617.471,127.921,316,0,10
2348,627.604,129.176,315,1,10
2349,636.495,129.319,325,1,10
2350,625.735,129.76,304,1,10
2351,634.514,130.263,317,1,10
2352,622.163,130.69,289,0,10
2353,649.648,131.033,329,0,10
2354,618.195,132.638,293,0,10
2355,610.536,132.741,291,0,10
2356,634.382,133.032,323,1,10
2357,612.218,134.758,284,0,10
2358,619.071,135.846,285,0,10
2359,662.65,136.899,305,0,10
2360,658.723,138.197,283,0,10
2361,651.528,138.403,292,0,10
2362,661.357,140.724,291,0,10
2363,644.799,141.261,322,1,10
2364,636.913,141.899,344,1,10
2365,639.199,142.088,351,1,10
2366,643.383,143.582,326,1,10
2367,628.99,145.241,311,1,10
2368,658.936,145.456,295,0,10
2369,625.444,145.547,314,1,10
2370,659.866,145.636,290,0,10
2371,630.689,145.696,309,1,10
2372,639.847,146.073,320,1,10
2373,615.64,148.389,295,0,10
2374,629.251,148.398,314,1,10
2375,650.806,149.221,278,0,10
2376,656.952,150.523,265,0,10
2377,604.735,150.861,289,0,10
2378,626.521,150.995,313,1,10
2379,617.633,151.196,290,0,10
2380,647.191,152.708,274,1,10
2381,646.492,152.897,288,1,10
2382,619.496,154.315,297,1,10
2383,627.27,154.611,304,1,10
2384,639.284,155.42,307,1,10
2385,622.555,155.503,298,1,10
2386,625.851,156.341,300,1,10
2387,643.606,156.761,262,1,10
2388,609.945,158.653,312,0,10
2389,602.53,160.501,318,0,10
2390,657.65,160.602,248,0,10
2391,635.719,161.542,305,1,10
2392,622.699,162.277,296,1,10
2393,637.024,162.813,297,1,10
2394,639.967,162.975,289,1,10
2395,639.365,163.731,298,1,10
2396,620.534,164.019,303,1,10
2397,630.962,164.268,314,1,10
2398,621.702,164.641,301,1,10
2399,620.159,165.072,304,0,10
2400,662.146,165.24,252,0,10
2401,650.876,165.404,248,0,10
2402,648.855,167.315,253,1,10
2403,624.875,168.281,311,1,10
2404,654.176,168.852,240,0,10
2405,631.85,168.909,313,1,10
2406,611.298,168.946,282,0,10
2407,602.919,169.31,297,0,10
2408,650.435,169.443,238,1,10
2409,619.291,169.777,302,1,10
2410,615.414,170.371,303,1,10
2411,616.396,170.894,305,1,10
2412,644.034,172.01,251,1,10
2413,642.844,172.614,250,1,10
2414,649.544,172.643,236,0,10
2415,657.885,173.242,246,0,10
2416,651.132,174.202,235,0,10
2417,643.42,175.624,247,1,10
2418,642.241,176.611,246,1,10
2419,632.65,178.971,330,1,10
2420,628.554,179.042,329,1,10
2421,618.682,179.581,311,0,10
2422,656.563,179.591,242,0,10
2423,641.56,181.521,258,1,10
2424,636.046,181.612,303,1,10
2425,653.977,182.634,238,1,10
2426,639.708,183.47,277,1,10
2427,638.731,183.472,280,1,10
2428,601.317,184.681,295,0,10
2429,623.263,184.972,332,1,10
2430,620.703,185.233,322,1,10
2431,612.437,185.931,298,0,10
2432,610.704,186.45,283,0,10
2433,615.151,186.791,297,0,10
2434,602.679,187.337,304,0,10
2435,607.416,188.377,281,0,10
2436,647.937,189.06,241,0,10
2437,657.491,189.694,242,0,10
2438,638.975,191.449,297,1,10
2439,651.958,192.903,255,0,10
2440,604.409,193.249,286,0,10
2441,632.028,194.416,330,1,10
2442,601.576,194.947,300,0,10
2443,640.128,195.589,285,0,10
2444,609.228,195.754,272,0,10
2445,624.375,196.041,328,1,10
2446,645.81,196.052,266,0,10
2447,613.66,196.166,278,1,10
2448,625.616,196.519,342,1,10
2449,646.799,197.472,278,0,10
2450,633.093,198.324,328,0,10
2451,614.3,198.526,275,1,10
2452,613.055,198.557,263,1,10
2453,608.58,199.304,262,1,10
2454,635.52,199.74,330,0,10
2455,601.033,200.945,272,0,10
2456,652.831,202.27,287,0,10
2457,609.127,204.111,292,1,10
2458,605.49,204.686,281,1,10
2459,611.829,204.873,291,1,10
2460,619.031,205.036,321,1,10
2461,614.423,205.113,309,1,10
2462,657.772,205.355,312,0,10
2463,657.381,206.686,308,0,10
2464,631.138,206.869,347,0,10
2465,623.037,207.234,321,1,10
2466,612.316,209.244,296,1,10
2467,631.43,210.478,330,0,10
2468,607.942,210.84,268,1,10
2469,605.976,211.04,265,1,10
2470,618.437,212.16,307,1,10
2471,634.796,212.666,322,0,10
2472,610.961,213.425,286,1,10
2473,610.153,215.188,290,1,10
2474,633.422,218.453,335,0,10
2475,608.146,219.188,318,0,10
2476,633.557,219.878,341,0,10
2477,604.556,220.79,340,0,10
2478,623.087,221.653,327,1,10
2479,613.606,222.104,323,1,10
2480,615.063,222.315,324,1,10
2481,627.911,223.012,315,1,10
2482,604.254,223.408,325,0,10
2483,607.289,224.486,331,0,10
2484,644.213,224.599,299,0,10
2485,598.838,224.764,341,0,10
2486,608.264,225.201,337,0,10
2487,623.982,225.693,325,1,10
2488,617.815,225.705,345,1,10
2489,609.06,226.166,335,0,10
2490,598.718,226.987,349,0,10
2491,654.422,231.377,320,0,10
2492,625.301,232.053,340,1,10
2493,639.147,233.532,280,0,10
2494,643.697,233.82,283,0,10
2495,631.229,234.764,277,0,10
2496,644.494,235.512,284,0,10
2497,636.19,236.904,265,0,10
2498,613.143,237.416,353,1,10
2499,648.744,239.676,265,0,10
2500,617.003,239.865,355,1,10
2501,621.991,241.452,339,1,10
2502,595.235,241.921,373,0,10
2503,614.255,242.22,361,1,10
2504,625.158,242.82,301,1,10
2505,615.254,243.125,356,1,10
2506,656.057,243.157,306,0,10
2507,602.706,243.216,372,0,10
2508,642.662,245.097,267,0,10
2509,626.823,247.105,282,1,10
2510,642.879,248.146,248,0,10
2511,608.849,248.307,365,0,10
2512,597.123,251.997,385,0,10
2513,627.196,252.452,247,1,10
2514,590.237,253.125,379,0,10
2515,606.155,253.36,367,0,10
2516,626.671,254.995,246,1,10
2517,631.705,255.064,249,1,10
2518,611.046,256.673,341,1,10
2519,607.867,257.979,364,0,10
2520,612.879,258.661,325,1,10
2521,620.419,259.859,265,1,10
2522,600.872,260.058,368,0,10
2523,640.509,260.983,246,0,10
2524,632.566,261.732,237,0,10
2525,632.969,261.954,238,0,10
2526,637.637,262.346,243,0,10
2527,600.762,262.49,352,0,10
2528,609.641,262.757,353,1,10
2529,598.192,262.925,352,0,10
2530,633.248,263.68,241,0,10
2531,613.565,264.571,284,1,10
2532,596.028,264.929,333,0,10
2533,605.868,266.005,332,1,10
2534,606.284,266.339,326,1,10
2535,630.267,266.767,236,0,10
2536,590.664,267.344,325,0,10
2537,634.972,268.941,243,0,10
2538,629.951,269.953,228,0,10
2539,566.779,270.141,290,0,10
2540,624.628,270.96,216,1,10
2541,592.434,271.299,322,0,10
2542,563.985,272.66,257,0,10
2543,582.921,272.69,300,0,10
2544,558.108,272.722,200,0,10
2545,576.439,273.065,292,0,10
2546,617.069,273.229,257,1,10
2547,606.928,273.56,274,1,10
2548,592.685,274.15,306,1,10
2549,604.825,274.538,286,1,10
2550,550.221,276.31,173,0,10
2551,631.365,277.22,244,0,10
2552,618.024,277.472,247,1,10
2553,609.564,277.599,287,1,10
2554,551.227,277.835,162,0,10
2555,561.011,278.402,201,0,10
2556,610.315,279.406,283,1,10
2557,630.816,279.596,241,0,10
2558,586.251,279.724,275,1,10
2559,615.035,280.036,254,0,10
2560,544.102,280.259,173,0,10
2561,596.122,280.357,320,1,10
2562,551.038,280.461,148,0,10
2563,627.389,280.766,243,0,10
2564,629.581,280.84,252,0,10
2565,583.927,280.909,270,0,10
2566,567.411,281.058,216,0,10
2567,563.615,281.11,192,0,10
2568,535.18,281.514,197,0,10
2569,588.253,281.569,276,1,10
2570,601.208,281.781,307,1,10
2571,628.756,281.994,252,0,10
2572,566.374,282.239,215,0,10
2573,553.029,282.259,143,0,10
2574,554.812,282.421,144,1,10
2575,591.563,282.493,281,1,10
2576,538.109,282.559,180,0,10
2577,614.086,282.568,259,1,10
2578,619.945,283.01,252,0,10
2579,550.033,283.092,137,0,10
2580,598.961,284.439,284,1,10
2581,598.586,284.883,284,1,10
2582,599.292,285.253,291,1,10
2583,603.992,287.038,287,0,10
2584,589.273,287.346,288,1,10
2585,537.23,287.784,145,0,10
2586,611.121,288.272,288,0,10
2587,584.461,288.812,268,1,10
2588,550.336,288.853,122,1,10
2589,545.758,289.376,127,1,10
2590,586.055,289.412,285,1,10
2591,562.703,289.468,174,1,10
2592,585.755,290.904,272,1,10
2593,574.252,290.973,251,1,10
2594,582.679,290.978,277,1,10
2595,549.662,291.402,113,1,10
2596,592.2,291.789,255,1,10
2597,581.772,291.836,265,1,10
2598,564.464,292.351,204,1,10
2599,586.942,292.405,291,1,10
2600,567.92,293.421,232,0,10
2601,566.964,293.507,232,1,10
2602,610.904,293.739,291,0,10
2603,583.331,293.777,278,1,10
2604,584.405,294.012,284,1,10
2605,549.789,294.089,127,1,10
2606,585.28,294.418,285,1,10
2607,583.83,294.789,277,1,10
2608,597.681,294.973,281,1,10
2609,535.768,295.254,150,0,10
2610,604.995,295.599,294,0,10
2611,545.803,295.735,128,1,10
2612,571.74,296.147,228,1,10
2613,536.682,296.948,133,0,10
2614,588.979,296.993,294,1,10
2615,574.955,297.113,237,1,10
2616,603.368,297.967,295,0,10
2617,529.14,298.157,167,0,10
2618,554.264,299.127,146,1,10
2619,524.605,299.439,202,0,10
2620,557.589,299.657,181,1,10
2621,560.629,300.508,190,1,10
2622,588.882,301.082,279,1,10
2623,580.291,302.288,272,1,10
2624,599.632,302.326,290,0,10
2625,528.668,302.446,156,0,10
2626,550.772,303.124,144,1,10
2627,520.891,303.156,215,0,10
2628,562.2,303.45,204,1,10
2629,553.389,304.069,158,1,10
2630,554.076,304.111,160,1,10
2631,565.244,304.849,226,1,10
2632,552.828,304.859,158,1,10
2633,545.118,305.189,134,1,10
2634,574.787,305.203,260,1,10
2635,548.781,305.562,134,1,10
2636,531.641,306.148,154,0,10
2637,580.045,306.605,282,1,10
2638,536.437,306.857,134,1,10
2639,581.364,307.078,294,1,10
2640,542.73,307.096,147,1,10
2641,566.065,308.456,232,1,10
2642,589.452,309.517,340,0,10
2643,581.997,309.537,323,0,10
2644,572.642,309.685,300,1,10
2645,564.544,310.094,243,1,10
2646,551.375,310.51,181,1,10
2647,592.919,310.886,350,0,10
2648,572.525,310.948,306,1,10
2649,593.848,312.823,372,0,10
2650,573.861,313.341,316,0,10
2651,570.477,313.669,308,0,10
2652,592.084,314.374,374,0,10
2653,543.406,314.782,158,1,10
2654,587.403,314.782,382,0,10
2655,572.385,315.254,322,0,10
2656,543.885,315.921,182,1,10
2657,532.48,316.115,137,0,10
2658,568.736,316.53,308,0,10
2659,542.344,317.173,171,1,10
2660,561.695,317.556,273,0,10
2661,557.155,319.103,243,1,10
2662,521.94,319.312,155,0,10
2663,530.896,320.019,155,0,10
2664,519.322,320.204,163,0,10
2665,551.946,321.267,256,0,10
2666,525.257,321.555,147,0,10
2667,557.719,322.275,272,0,10
2668,529.494,322.42,151,0,10
2669,565.606,323.526,356,0,10
2670,558.038,324.983,303,0,10
2671,513.127,325.576,190,0,10
2672,539.567,325.635,196,0,10
2673,511.288,325.661,191,0,10
2674,562.505,326.106,345,0,10
2675,524.815,326.561,152,0,10
2676,562.334,326.591,347,0,10
2677,542.555,326.774,222,1,10
2678,526.977,329.825,133,1,10
2679,510.187,332.044,170,0,10
2680,527.642,333.275,141,1,10
2681,535.357,333.618,177,1,10
2682,530.679,334.881,156,1,10
2683,521.398,336.101,123,1,10
2684,506.014,336.845,183,0,10
2685,544.957,338.278,255,0,10
2686,516.405,338.377,114,1,10
2687,559.536,338.844,387,0,10
2688,516.866,340.122,113,1,10
2689,516.175,340.423,114,1,10
2690,533.031,342.258,160,1,10
2691,516.709,342.967,123,1,10
2692,507.298,343.141,166,0,10
2693,526.655,343.227,142,1,10
2694,537.073,343.324,210,1,10
2695,531.384,344.036,169,1,10
2696,559.947,344.313,418,0,10
2697,551.8,344.665,331,0,10
2698,532.63,346.463,173,1,10
2699,549.928,346.87,331,0,10
2700,512.998,347.134,141,0,10
2701,506.282,347.256,169,0,10
2702,549.219,347.288,326,0,10
2703,549.046,347.325,324,0,10
2704,556.37,347.521,385,0,10
2705,530.543,347.717,156,1,10
2706,517.124,348.839,129,1,10
2707,505.591,349.722,171,0,10
2708,533.873,350.12,222,1,10
2709,546.092,350.246,288,1,10
2710,506.8,351.681,157,0,10
2711,514.726,352.324,140,1,10
2712,563.16,352.825,437,0,10
2713,560.466,353.041,419,0,10
2714,496.813,353.348,194,0,10
2715,523.78,353.627,140,1,10
2716,539.062,354.104,253,1,10
2717,515.737,354.633,147,1,10
2718,512.512,354.649,142,1,10
2719,545.246,354.684,277,1,10
2720,535.007,354.879,236,1,10
2721,531.92,355.585,226,1,10
2722,528.132,357.187,197,1,10
2723,509.195,357.335,160,0,10
2724,545.841,357.713,290,1,10
2725,564.763,360.585,400,0,10
2726,496.355,360.734,205,0,10
2727,526.393,362.78,209,1,10
2728,533.479,362.868,249,1,10
2729,534.698,363.307,254,1,10
2730,514.931,364.027,189,0,10
2731,508.735,364.085,191,0,10
2732,544.336,365.089,315,1,10
2733,536.211,368.434,286,0,10
2734,544.616,368.465,357,1,10
2735,518.741,368.731,242,1,10
2736,549.438,368.815,359,1,10
2737,552.761,369.18,361,1,10
2738,527.74,370.741,278,0,10
2739,529.853,371.235,283,1,10
2740,507.817,371.655,222,0,10
2741,537.48,372.144,327,0,10
2742,514.38,372.154,261,0,10
2743,540.382,372.201,355,0,10
2744,522.716,372.396,271,0,10
2745,547.908,373.611,374,0,10
2746,563.812,373.659,338,0,10
2747,570.276,374.89,340,0,10
2748,537.858,375.534,338,0,10
2749,566.252,376.006,325,0,10
2750,522.372,376.576,305,0,10
2751,541.593,376.772,367,0,10
2752,546.888,377.032,362,1,10
2753,582.543,378.021,306,0,10
2754,573.339,379.514,294,0,10
2755,572.883,380.49,283,0,10
2756,584.977,380.705,270,0,10
2757,506.593,380.706,297,0,10
2758,564.637,382.724,282,0,10
2759,560.103,383.985,315,1,10
2760,568.561,384.308,278,0,10
2761,582.386,384.61,239,0,10
2762,544.506,384.68,362,0,10
2763,602.052,385.07,189,0,10
2764,626.183,385.463,157,0,10
2765,623.634,386.466,165,0,10
2766,557.014,386.488,307,1,10
2767,616.898,386.718,172,0,10
2768,524.271,387.662,321,0,10
2769,497.011,388.034,336,0,10
2770,564.948,388.251,260,1,10
2771,576.761,388.831,210,1,10
2772,561.196,389.205,282,1,10
2773,594.78,390.005,192,0,10
2774,630.417,390.87,152,0,10
2775,575.553,391.146,195,1,10
2776,623.474,391.353,151,0,10
2777,528.987,391.381,333,0,10
2778,623.929,392.063,146,0,10
2779,500.079,392.084,332,0,10
2780,621.458,392.174,145,0,10
2781,627.516,392.205,148,0,10
2782,609.448,392.217,168,0,10
2783,556.283,393.042,283,1,10
2784,614.765,393.269,155,0,10
2785,624.527,393.526,136,0,10
2786,568.984,393.64,210,1,10
2787,518.845,393.922,312,0,10
2788,538.624,394.299,357,0,10
2789,613.404,394.391,155,0,10
2790,557.228,394.627,273,1,10
2791,546.581,395.05,327,0,10
2792,529.239,395.06,321,1,10
2793,553.648,395.396,290,0,10
2794,620.747,395.5,138,0,10
2795,637.922,396.26,127,1,10
2796,619.682,396.262,138,0,10
2797,620.355,396.944,131,1,10
2798,640.872,396.954,122,1,10
2799,647.756,397.113,112,0,10
2800,517.716,397.381,309,0,10
2801,509.624,398.128,322,0,10
2802,584.55,398.314,165,0,10
2803,515.617,398.462,306,0,10
2804,534.354,398.824,342,1,10
2805,658.107,398.942,111,0,10
2806,523.036,399.07,304,1,10
2807,540.774,399.332,319,0,10
2808,512.329,399.97,302,0,10
2809,659.654,400.335,110,0,10
2810,580.489,400.387,167,0,10
2811,656.659,400.523,104,0,10
2812,497.553,400.884,347,0,10
2813,580.793,400.915,169,0,10
2814,652.585,401.112,100,0,10
2815,653.301,401.142,99,0,10
2816,634.716,401.244,120,1,10
2817,664.506,402.044,102,0,10
2818,607.694,402.076,146,0,10
2819,631.776,402.169,119,1,10
2820,596.177,402.183,165,0,10
2821,638.123,402.948,110,1,10
2822,666.425,403.01,94,0,10
2823,569.496,403.554,197,1,10
2824,523.135,404.033,296,1,10
2825,591.13,404.274,167,0,10
2826,514.003,404.715,300,1,10
2827,540.47,405.085,293,0,10
2828,556,405.256,233,1,10
2829,634.319,405.427,112,1,10
2830,636.7,405.742,103,1,10
2831,517.442,406.077,311,1,10
2832,637.681,406.356,101,1,10
2833,507.08,406.499,338,0,10
2834,532.885,407.271,297,1,10
2835,561.513,407.344,206,0,10
2836,657.817,408.07,80,0,10
2837,576.475,408.079,182,0,10
2838,519.845,408.173,314,1,10
2839,605.298,408.676,146,0,10
2840,525.329,408.777,324,1,10
2841,609.738,408.906,144,1,10
2842,643.854,409.022,83,1,10
2843,632.419,409.502,116,1,10
2844,531.025,409.594,292,1,10
2845,665.24,409.595,74,0,10
2846,656.889,409.615,76,1,10
2847,543.174,409.724,259,1,10
2848,583.483,409.846,169,0,10
2849,559.64,410.03,190,1,10
2850,521.159,410.444,316,1,10
2851,594.187,410.605,152,0,10
2852,531.474,410.911,284,1,10
2853,537.59,410.962,275,1,10
2854,589.913,410.969,165,0,10
2855,559.715,411.3,180,1,10
2856,644.994,411.51,82,1,10
2857,522.47,411.807,334,1,10
2858,522.187,411.914,334,1,10
2859,558.783,412.258,192,1,10
2860,546.742,412.305,230,1,10
2861,523.594,412.541,338,1,10
2862,617.726,412.715,141,1,10
2863,571.524,413.035,157,0,10
2864,543.677,413.373,241,1,10
2865,624.702,413.612,133,1,10
2866,513.46,413.998,340,1,10
2867,541.81,414.169,252,1,10
2868,593.963,414.261,146,0,10
2869,644.629,414.595,91,1,10
2870,638.329,414.601,101,1,10
2871,625.101,414.69,132,1,10
2872,544.225,414.718,224,1,10
2873,548.348,415.317,212,1,10
2874,648.34,415.376,80,1,10
2875,656.796,416.111,64,1,10
2876,622.982,416.399,136,0,10
2877,639.921,416.485,99,1,10
2878,527.026,416.579,316,1,10
2879,544.763,416.649,214,1,10
2880,518.294,416.867,339,1,10
2881,680.701,416.937,51,0,10
2882,536.556,417.417,270,1,10
2883,650.36,418.248,76,1,10
2884,577.566,418.34,139,0,10
2885,654.665,418.648,67,1,10
2886,662.413,418.669,61,1,10
2887,588.025,419.772,144,0,10
2888,509.088,420.189,351,1,10
2889,517.639,420.626,332,1,10
2890,615.942,420.748,153,0,10
2891,555.656,421.388,156,1,10
2892,541.292,421.412,230,1,10
2893,606.456,421.616,143,1,10
2894,555.477,422.03,156,1,10
2895,641.059,422.102,93,1,10
2896,683.671,422.505,48,0,10
2897,663.05,422.637,59,1,10
2898,595.394,422.642,144,1,10
2899,602.168,422.725,150,1,10
2900,639.621,422.884,93,1,10
2901,642.005,422.946,86,1,10
2902,503.099,423.039,385,0,10
2903,552.192,423.151,176,1,10
2904,645.575,423.792,80,1,10
2905,675.769,424.198,45,0,10
2906,547.195,424.432,178,1,10
2907,614.932,424.576,151,0,10
2908,557.78,425.207,148,1,10
2909,667.073,425.59,48,0,10
2910,510.521,426.533,372,0,10
2911,632.094,426.829,109,1,10
2912,555.071,427.039,144,1,10
2913,664.939,427.302,47,1,10
2914,534.138,427.444,253,1,10
2915,600.056,427.462,139,1,10
2916,606.664,427.974,130,1,10
2917,591.859,428.001,144,1,10
2918,645.176,428.255,67,1,10
2919,670.508,428.31,46,0,10
2920,561.414,428.466,133,1,10
2921,613.794,428.565,141,1,10
2922,559.657,428.669,135,1,10
2923,560.38,429.224,138,1,10
2924,671.176,429.473,45,0,10
2925,550.407,429.628,157,1,10
2926,496.552,429.749,448,0,10
2927,598.298,430.209,139,1,10
2928,681.532,430.285,41,0,10
2929,666.825,430.519,43,0,10
2930,576.034,430.531,153,0,10
2931,541.993,430.812,197,1,10
2932,531.421,430.824,270,0,10
2933,649.929,431.409,63,1,10
2934,677.589,431.481,41,0,10
2935,548.547,431.905,172,1,10
2936,519.073,431.995,368,0,10
2937,568.102,432.006,147,0,10
2938,635.104,432.828,97,1,10
2939,505.11,432.984,428,0,10
2940,579.018,433.463,148,0,10
2941,618.99,433.662,129,1,10
2942,526.011,433.833,309,0,10
2943,518.055,433.979,374,0,10
2944,571.178,434.044,154,0,10
2945,605.596,434.319,140,1,10
2946,524.43,434.446,324,0,10
2947,660.227,434.59,43,1,10
2948,517.953,434.911,388,0,10
2949,673.834,435.254,35,0,10
2950,622.07,435.692,115,1,10
2951,595.016,436.412,149,1,10
2952,584.847,436.565,151,1,10
2953,644.594,436.61,75,1,10
2954,618.814,436.923,112,1,10
2955,549.33,437.57,142,1,10
2956,607.165,437.833,129,1,10
2957,508.218,438.065,459,0,10
2958,632.776,438.067,95,1,10
2959,672.278,438.864,35,0,10
2960,512.791,438.881,441,0,10
2961,523.964,438.922,328,0,10
2962,641.493,439.113,78,1,10
2963,511.816,439.857,446,0,10
2964,646.095,440.274,73,1,10
2965,539.492,440.442,210,1,10
2966,545.038,440.497,162,1,10
2967,552.415,440.576,132,1,10
2968,637.852,440.88,79,1,10
2969,647.44,440.969,72,1,10
2970,570.518,441.199,137,1,10
2971,668.521,441.215,38,0,10
2972,647.346,441.747,70,0,10
2973,649.06,442.005,65,1,10
2974,655.122,442.006,50,1,10
2975,554.389,442.29,125,1,10
2976,540.557,442.73,194,0,10
2977,601.448,442.844,140,1,10
2978,612.047,442.94,118,1,10
2979,594.482,443.222,150,1,10
2980,645.027,443.565,76,0,10
2981,514.101,444.018,441,0,10
2982,518.556,444.059,385,0,10
2983,573.011,444.297,129,1,10
2984,603.032,444.463,135,1,10
2985,555.255,445.01,120,1,10
2986,593.286,445.038,152,0,10
2987,558.663,445.26,112,1,10
2988,591.195,445.414,156,0,10
2989,661.845,445.446,41,0,10
2990,602.472,445.846,138,1,10
2991,601.816,446.305,143,0,10
2992,564.269,446.346,127,1,10
2993,609.013,446.653,131,1,10
2994,520.396,447.219,392,0,10
2995,560.053,447.272,112,1,10
2996,637.739,447.422,81,0,10
2997,638.559,448.135,81,0,10
2998,587.828,448.49,155,0,10
2999,629.202,448.54,90,1,10
3000,627.726,450.15,104,0,10
3001,621.208,451.384,112,0,10
3002,538.157,452.418,199,0,10
3003,629.318,452.661,98,0,10
3004,657.117,452.665,51,0,10
3005,559.182,452.682,133,1,10
3006,545.589,452.721,172,0,10
3007,602.373,453.472,160,0,10
3008,551.717,453.653,149,1,10
3009,653.791,453.915,61,0,10
3010,612.672,454.15,140,0,10
3011,558.219,454.31,132,1,10
3012,547.3,454.506,165,0,10
3013,612.535,455.623,141,0,10
3014,578.35,455.69,163,0,10
3015,538.964,455.895,215,0,10
3016,534.608,455.959,239,0,10
3017,621.903,455.992,117,0,10
3018,618.075,456.074,125,0,10
3019,562.08,456.396,147,0,10
3020,617.962,457.551,126,0,10
3021,568.39,457.755,158,0,10
3022,573.75,458.924,170,0,10
3023,565.86,459.454,165,0,10
3024,561.304,459.931,153,0,10
3025,578.67,460.61,182,0,10
3026,554.716,460.908,163,0,10
3027,577.082,461.731,184,0,10
3028,569.221,462.349,180,0,10
3029,556.636,464.758,169,0,10
3030,557.293,465.752,173,0,10
