id,max_eps,min_eps,|rnn|,[knn],[rnn]
0,4.64602e-310,4.64602e-310,0,[ ],[ ]
1,4.64602e-310,4.64602e-310,0,[ ],[ ]
2,4.64602e-310,4.64602e-310,0,[ ],[ ]
3,4.64602e-310,4.64602e-310,0,[ ],[ ]
4,4.64602e-310,4.64602e-310,0,[ ],[ ]
5,4.64602e-310,4.64602e-310,0,[ ],[ ]
6,4.64602e-310,4.64602e-310,0,[ ],[ ]
7,4.64602e-310,4.64602e-310,0,[ ],[ ]
8,4.64602e-310,4.64602e-310,0,[ ],[ ]
9,4.64602e-310,4.64602e-310,0,[ ],[ ]
10,4.64602e-310,4.64602e-310,0,[ ],[ ]
11,4.64602e-310,4.64602e-310,0,[ ],[ ]
12,4.64602e-310,4.64602e-310,0,[ ],[ ]
13,4.64602e-310,4.64602e-310,0,[ ],[ ]
14,4.64602e-310,4.64602e-310,0,[ ],[ ]
15,4.64602e-310,4.64602e-310,0,[ ],[ ]
16,4.64602e-310,4.64602e-310,0,[ ],[ ]
17,4.64602e-310,4.64602e-310,0,[ ],[ ]
18,4.64602e-310,4.64602e-310,0,[ ],[ ]
19,4.64602e-310,4.64602e-310,0,[ ],[ ]
20,4.64602e-310,4.64602e-310,0,[ ],[ ]
21,4.64602e-310,4.64602e-310,0,[ ],[ ]
22,4.64602e-310,4.64602e-310,0,[ ],[ ]
23,4.64602e-310,4.64602e-310,0,[ ],[ ]
24,4.64602e-310,4.64602e-310,0,[ ],[ ]
25,4.64602e-310,4.64602e-310,0,[ ],[ ]
26,4.64602e-310,4.64602e-310,0,[ ],[ ]
27,4.64602e-310,4.64602e-310,0,[ ],[ ]
28,4.64602e-310,4.64602e-310,0,[ ],[ ]
29,4.64602e-310,4.64602e-310,0,[ ],[ ]
30,4.64602e-310,4.64602e-310,0,[ ],[ ]
31,4.64602e-310,4.64602e-310,0,[ ],[ ]
32,4.64602e-310,4.64602e-310,0,[ ],[ ]
33,4.64602e-310,4.64602e-310,0,[ ],[ ]
34,4.64602e-310,4.64602e-310,0,[ ],[ ]
35,4.64602e-310,4.64602e-310,0,[ ],[ ]
36,4.64602e-310,4.64602e-310,0,[ ],[ ]
37,4.64602e-310,4.64602e-310,0,[ ],[ ]
38,4.64602e-310,4.64602e-310,0,[ ],[ ]
39,4.64602e-310,4.64602e-310,0,[ ],[ ]
40,4.64602e-310,4.64602e-310,0,[ ],[ ]
41,4.64602e-310,4.64602e-310,0,[ ],[ ]
42,4.64602e-310,4.64602e-310,0,[ ],[ ]
43,4.64602e-310,4.64602e-310,0,[ ],[ ]
44,4.64602e-310,4.64602e-310,0,[ ],[ ]
45,4.64602e-310,4.64602e-310,0,[ ],[ ]
46,4.64602e-310,4.64602e-310,0,[ ],[ ]
47,4.64602e-310,4.64602e-310,0,[ ],[ ]
48,4.64602e-310,4.64602e-310,0,[ ],[ ]
49,4.64602e-310,4.64602e-310,0,[ ],[ ]
50,4.64602e-310,4.64602e-310,0,[ ],[ ]
51,4.64602e-310,4.64602e-310,0,[ ],[ ]
52,4.64602e-310,4.64602e-310,0,[ ],[ ]
53,4.64602e-310,4.64602e-310,0,[ ],[ ]
54,4.64602e-310,4.64602e-310,0,[ ],[ ]
55,4.64602e-310,4.64602e-310,0,[ ],[ ]
56,4.64602e-310,4.64602e-310,0,[ ],[ ]
57,4.64602e-310,4.64602e-310,0,[ ],[ ]
58,4.64602e-310,4.64602e-310,0,[ ],[ ]
59,4.64602e-310,4.64602e-310,0,[ ],[ ]
60,4.64602e-310,4.64602e-310,0,[ ],[ ]
61,4.64602e-310,4.64602e-310,0,[ ],[ ]
62,4.64602e-310,4.64602e-310,0,[ ],[ ]
63,4.64602e-310,4.64602e-310,0,[ ],[ ]
64,4.64602e-310,4.64602e-310,0,[ ],[ ]
65,4.64602e-310,4.64602e-310,0,[ ],[ ]
66,4.64602e-310,4.64602e-310,0,[ ],[ ]
67,4.64602e-310,4.64602e-310,0,[ ],[ ]
68,4.64602e-310,4.64602e-310,0,[ ],[ ]
69,4.64602e-310,4.64602e-310,0,[ ],[ ]
70,4.64602e-310,4.64602e-310,0,[ ],[ ]
71,4.64602e-310,4.64602e-310,0,[ ],[ ]
72,4.64602e-310,4.64602e-310,0,[ ],[ ]
73,4.64602e-310,4.64602e-310,0,[ ],[ ]
74,4.64602e-310,4.64602e-310,0,[ ],[ ]
75,4.64602e-310,4.64602e-310,0,[ ],[ ]
76,4.64602e-310,4.64602e-310,0,[ ],[ ]
77,4.64602e-310,4.64602e-310,0,[ ],[ ]
78,4.64602e-310,4.64602e-310,0,[ ],[ ]
79,4.64602e-310,4.64602e-310,0,[ ],[ ]
80,4.64602e-310,4.64602e-310,0,[ ],[ ]
81,4.64602e-310,4.64602e-310,0,[ ],[ ]
82,4.64602e-310,4.64602e-310,0,[ ],[ ]
83,4.64602e-310,4.64602e-310,0,[ ],[ ]
84,4.64602e-310,4.64602e-310,0,[ ],[ ]
85,4.64602e-310,4.64602e-310,0,[ ],[ ]
86,4.64602e-310,4.64602e-310,0,[ ],[ ]
87,4.64602e-310,4.64602e-310,0,[ ],[ ]
88,4.64602e-310,4.64602e-310,0,[ ],[ ]
89,4.64602e-310,4.64602e-310,0,[ ],[ ]
90,4.64602e-310,4.64602e-310,0,[ ],[ ]
91,4.64602e-310,4.64602e-310,0,[ ],[ ]
92,4.64602e-310,4.64602e-310,0,[ ],[ ]
93,4.64602e-310,4.64602e-310,0,[ ],[ ]
94,4.64602e-310,4.64602e-310,0,[ ],[ ]
95,4.64602e-310,4.64602e-310,0,[ ],[ ]
96,4.64602e-310,4.64602e-310,0,[ ],[ ]
97,4.64602e-310,4.64602e-310,0,[ ],[ ]
98,4.64602e-310,4.64602e-310,0,[ ],[ ]
99,4.64602e-310,4.64602e-310,0,[ ],[ ]
100,4.64602e-310,4.64602e-310,0,[ ],[ ]
101,4.64602e-310,4.64602e-310,0,[ ],[ ]
102,4.64602e-310,4.64602e-310,0,[ ],[ ]
103,4.64602e-310,4.64602e-310,0,[ ],[ ]
104,4.64602e-310,4.64602e-310,0,[ ],[ ]
105,4.64602e-310,4.64602e-310,0,[ ],[ ]
106,4.64602e-310,4.64602e-310,0,[ ],[ ]
107,4.64602e-310,4.64602e-310,0,[ ],[ ]
108,4.64602e-310,4.64602e-310,0,[ ],[ ]
109,4.64602e-310,4.64602e-310,0,[ ],[ ]
110,4.64602e-310,4.64602e-310,0,[ ],[ ]
111,4.64602e-310,4.64602e-310,0,[ ],[ ]
112,4.64602e-310,4.64602e-310,0,[ ],[ ]
113,4.64602e-310,4.64602e-310,0,[ ],[ ]
114,4.64602e-310,4.64602e-310,0,[ ],[ ]
115,4.64602e-310,4.64602e-310,0,[ ],[ ]
116,4.64602e-310,4.64602e-310,0,[ ],[ ]
117,4.64602e-310,4.64602e-310,0,[ ],[ ]
118,4.64602e-310,4.64602e-310,0,[ ],[ ]
119,4.64602e-310,4.64602e-310,0,[ ],[ ]
120,4.64602e-310,4.64602e-310,0,[ ],[ ]
121,4.64602e-310,4.64602e-310,0,[ ],[ ]
122,4.64602e-310,4.64602e-310,0,[ ],[ ]
123,4.64602e-310,4.64602e-310,0,[ ],[ ]
124,4.64602e-310,4.64602e-310,0,[ ],[ ]
125,4.64602e-310,4.64602e-310,0,[ ],[ ]
126,4.64602e-310,4.64602e-310,0,[ ],[ ]
127,4.64602e-310,4.64602e-310,0,[ ],[ ]
128,4.64602e-310,4.64602e-310,0,[ ],[ ]
129,4.64602e-310,4.64602e-310,0,[ ],[ ]
130,4.64602e-310,4.64602e-310,0,[ ],[ ]
131,4.64602e-310,4.64602e-310,0,[ ],[ ]
132,4.64602e-310,4.64602e-310,0,[ ],[ ]
133,4.64602e-310,4.64602e-310,0,[ ],[ ]
134,4.64602e-310,4.64602e-310,0,[ ],[ ]
135,4.64602e-310,4.64602e-310,0,[ ],[ ]
136,4.64602e-310,4.64602e-310,0,[ ],[ ]
137,4.64602e-310,4.64602e-310,0,[ ],[ ]
138,4.64602e-310,4.64602e-310,0,[ ],[ ]
139,4.64602e-310,4.64602e-310,0,[ ],[ ]
140,4.64602e-310,4.64602e-310,0,[ ],[ ]
141,4.64602e-310,4.64602e-310,0,[ ],[ ]
142,4.64602e-310,4.64602e-310,0,[ ],[ ]
143,4.64602e-310,4.64602e-310,0,[ ],[ ]
144,4.64602e-310,4.64602e-310,0,[ ],[ ]
145,4.64602e-310,4.64602e-310,0,[ ],[ ]
146,4.64602e-310,4.64602e-310,0,[ ],[ ]
147,4.64602e-310,4.64602e-310,0,[ ],[ ]
148,4.64602e-310,4.64602e-310,0,[ ],[ ]
149,4.64602e-310,4.64602e-310,0,[ ],[ ]
150,4.64602e-310,4.64602e-310,0,[ ],[ ]
151,4.64602e-310,4.64602e-310,0,[ ],[ ]
152,4.64602e-310,4.64602e-310,0,[ ],[ ]
153,4.64602e-310,4.64602e-310,0,[ ],[ ]
154,4.64602e-310,4.64602e-310,0,[ ],[ ]
155,4.64602e-310,4.64602e-310,0,[ ],[ ]
156,4.64602e-310,4.64602e-310,0,[ ],[ ]
157,4.64602e-310,4.64602e-310,0,[ ],[ ]
158,4.64602e-310,4.64602e-310,0,[ ],[ ]
159,4.64602e-310,4.64602e-310,0,[ ],[ ]
160,4.64602e-310,4.64602e-310,0,[ ],[ ]
161,4.64602e-310,4.64602e-310,0,[ ],[ ]
162,4.64602e-310,4.64602e-310,0,[ ],[ ]
163,4.64602e-310,4.64602e-310,0,[ ],[ ]
164,4.64602e-310,4.64602e-310,0,[ ],[ ]
165,4.64602e-310,4.64602e-310,0,[ ],[ ]
166,4.64602e-310,4.64602e-310,0,[ ],[ ]
167,4.64602e-310,4.64602e-310,0,[ ],[ ]
168,4.64602e-310,4.64602e-310,0,[ ],[ ]
169,4.64602e-310,4.64602e-310,0,[ ],[ ]
170,4.64602e-310,4.64602e-310,0,[ ],[ ]
171,4.64602e-310,4.64602e-310,0,[ ],[ ]
172,4.64602e-310,4.64602e-310,0,[ ],[ ]
173,4.64602e-310,4.64602e-310,0,[ ],[ ]
174,4.64602e-310,4.64602e-310,0,[ ],[ ]
175,4.64602e-310,4.64602e-310,0,[ ],[ ]
176,4.64602e-310,4.64602e-310,0,[ ],[ ]
177,4.64602e-310,4.64602e-310,0,[ ],[ ]
178,4.64602e-310,4.64602e-310,0,[ ],[ ]
179,4.64602e-310,4.64602e-310,0,[ ],[ ]
180,4.64602e-310,4.64602e-310,0,[ ],[ ]
181,4.64602e-310,4.64602e-310,0,[ ],[ ]
182,4.64602e-310,4.64602e-310,0,[ ],[ ]
183,4.64602e-310,4.64602e-310,0,[ ],[ ]
184,4.64602e-310,4.64602e-310,0,[ ],[ ]
185,4.64602e-310,4.64602e-310,0,[ ],[ ]
186,4.64602e-310,4.64602e-310,0,[ ],[ ]
187,4.64602e-310,4.64602e-310,0,[ ],[ ]
188,4.64602e-310,4.64602e-310,0,[ ],[ ]
189,4.64602e-310,4.64602e-310,0,[ ],[ ]
190,4.64602e-310,4.64602e-310,0,[ ],[ ]
191,4.64602e-310,4.64602e-310,0,[ ],[ ]
192,4.64602e-310,4.64602e-310,0,[ ],[ ]
193,4.64602e-310,4.64602e-310,0,[ ],[ ]
194,4.64602e-310,4.64602e-310,0,[ ],[ ]
195,4.64602e-310,4.64602e-310,0,[ ],[ ]
196,4.64602e-310,4.64602e-310,0,[ ],[ ]
197,4.64602e-310,4.64602e-310,0,[ ],[ ]
198,4.64602e-310,4.64602e-310,0,[ ],[ ]
199,4.64602e-310,4.64602e-310,0,[ ],[ ]
200,4.64602e-310,4.64602e-310,0,[ ],[ ]
201,4.64602e-310,4.64602e-310,0,[ ],[ ]
202,4.64602e-310,4.64602e-310,0,[ ],[ ]
203,4.64602e-310,4.64602e-310,0,[ ],[ ]
204,4.64602e-310,4.64602e-310,0,[ ],[ ]
205,4.64602e-310,4.64602e-310,0,[ ],[ ]
206,4.64602e-310,4.64602e-310,0,[ ],[ ]
207,4.64602e-310,4.64602e-310,0,[ ],[ ]
208,4.64602e-310,4.64602e-310,0,[ ],[ ]
209,4.64602e-310,4.64602e-310,0,[ ],[ ]
210,4.64602e-310,4.64602e-310,0,[ ],[ ]
211,4.64602e-310,4.64602e-310,0,[ ],[ ]
212,4.64602e-310,4.64602e-310,0,[ ],[ ]
213,4.64602e-310,4.64602e-310,0,[ ],[ ]
214,4.64602e-310,4.64602e-310,0,[ ],[ ]
215,4.64602e-310,4.64602e-310,0,[ ],[ ]
216,4.64602e-310,4.64602e-310,0,[ ],[ ]
217,4.64602e-310,4.64602e-310,0,[ ],[ ]
218,4.64602e-310,4.64602e-310,0,[ ],[ ]
219,4.64602e-310,4.64602e-310,0,[ ],[ ]
220,4.64602e-310,4.64602e-310,0,[ ],[ ]
221,4.64602e-310,4.64602e-310,0,[ ],[ ]
222,4.64602e-310,4.64602e-310,0,[ ],[ ]
223,4.64602e-310,4.64602e-310,0,[ ],[ ]
224,4.64602e-310,4.64602e-310,0,[ ],[ ]
225,4.64602e-310,4.64602e-310,0,[ ],[ ]
226,4.64602e-310,4.64602e-310,0,[ ],[ ]
227,4.64602e-310,4.64602e-310,0,[ ],[ ]
228,4.64602e-310,4.64602e-310,0,[ ],[ ]
229,4.64602e-310,4.64602e-310,0,[ ],[ ]
230,4.64602e-310,4.64602e-310,0,[ ],[ ]
231,4.64602e-310,4.64602e-310,0,[ ],[ ]
232,4.64602e-310,4.64602e-310,0,[ ],[ ]
233,4.64602e-310,4.64602e-310,0,[ ],[ ]
234,4.64602e-310,4.64602e-310,0,[ ],[ ]
235,4.64602e-310,4.64602e-310,0,[ ],[ ]
236,4.64602e-310,4.64602e-310,0,[ ],[ ]
237,4.64602e-310,4.64602e-310,0,[ ],[ ]
238,4.64602e-310,4.64602e-310,0,[ ],[ ]
239,4.64602e-310,4.64602e-310,0,[ ],[ ]
240,4.64602e-310,4.64602e-310,0,[ ],[ ]
241,4.64602e-310,4.64602e-310,0,[ ],[ ]
242,4.64602e-310,4.64602e-310,0,[ ],[ ]
243,4.64602e-310,4.64602e-310,0,[ ],[ ]
244,4.64602e-310,4.64602e-310,0,[ ],[ ]
245,4.64602e-310,4.64602e-310,0,[ ],[ ]
246,4.64602e-310,4.64602e-310,0,[ ],[ ]
247,4.64602e-310,4.64602e-310,0,[ ],[ ]
248,4.64602e-310,4.64602e-310,0,[ ],[ ]
249,4.64602e-310,4.64602e-310,0,[ ],[ ]
250,4.64602e-310,4.64602e-310,0,[ ],[ ]
251,4.64602e-310,4.64602e-310,0,[ ],[ ]
252,4.64602e-310,4.64602e-310,0,[ ],[ ]
253,4.64602e-310,4.64602e-310,0,[ ],[ ]
254,4.64602e-310,4.64602e-310,0,[ ],[ ]
255,4.64602e-310,4.64602e-310,0,[ ],[ ]
256,4.64602e-310,4.64602e-310,0,[ ],[ ]
257,4.64602e-310,4.64602e-310,0,[ ],[ ]
258,4.64602e-310,4.64602e-310,0,[ ],[ ]
259,4.64602e-310,4.64602e-310,0,[ ],[ ]
260,4.64602e-310,4.64602e-310,0,[ ],[ ]
261,4.64602e-310,4.64602e-310,0,[ ],[ ]
262,4.64602e-310,4.64602e-310,0,[ ],[ ]
263,4.64602e-310,4.64602e-310,0,[ ],[ ]
264,4.64602e-310,4.64602e-310,0,[ ],[ ]
265,4.64602e-310,4.64602e-310,0,[ ],[ ]
266,4.64602e-310,4.64602e-310,0,[ ],[ ]
267,4.64602e-310,4.64602e-310,0,[ ],[ ]
268,4.64602e-310,4.64602e-310,0,[ ],[ ]
269,4.64602e-310,4.64602e-310,0,[ ],[ ]
270,4.64602e-310,4.64602e-310,0,[ ],[ ]
271,4.64602e-310,4.64602e-310,0,[ ],[ ]
272,4.64602e-310,4.64602e-310,0,[ ],[ ]
273,4.64602e-310,4.64602e-310,0,[ ],[ ]
274,4.64602e-310,4.64602e-310,0,[ ],[ ]
275,4.64602e-310,4.64602e-310,0,[ ],[ ]
276,4.64602e-310,4.64602e-310,0,[ ],[ ]
277,4.64602e-310,4.64602e-310,0,[ ],[ ]
278,4.64602e-310,4.64602e-310,0,[ ],[ ]
279,4.64602e-310,4.64602e-310,0,[ ],[ ]
280,4.64602e-310,4.64602e-310,0,[ ],[ ]
281,4.64602e-310,4.64602e-310,0,[ ],[ ]
282,4.64602e-310,4.64602e-310,0,[ ],[ ]
283,4.64602e-310,4.64602e-310,0,[ ],[ ]
284,4.64602e-310,4.64602e-310,0,[ ],[ ]
285,4.64602e-310,4.64602e-310,0,[ ],[ ]
286,4.64602e-310,4.64602e-310,0,[ ],[ ]
287,4.64602e-310,4.64602e-310,0,[ ],[ ]
288,4.64602e-310,4.64602e-310,0,[ ],[ ]
289,4.64602e-310,4.64602e-310,0,[ ],[ ]
290,4.64602e-310,4.64602e-310,0,[ ],[ ]
291,4.64602e-310,4.64602e-310,0,[ ],[ ]
292,4.64602e-310,4.64602e-310,0,[ ],[ ]
293,4.64602e-310,4.64602e-310,0,[ ],[ ]
294,4.64602e-310,4.64602e-310,0,[ ],[ ]
295,4.64602e-310,4.64602e-310,0,[ ],[ ]
296,4.64602e-310,4.64602e-310,0,[ ],[ ]
297,4.64602e-310,4.64602e-310,0,[ ],[ ]
298,4.64602e-310,4.64602e-310,0,[ ],[ ]
299,4.64602e-310,4.64602e-310,0,[ ],[ ]
300,4.64602e-310,4.64602e-310,0,[ ],[ ]
301,4.64602e-310,4.64602e-310,0,[ ],[ ]
302,4.64602e-310,4.64602e-310,0,[ ],[ ]
303,4.64602e-310,4.64602e-310,0,[ ],[ ]
304,4.64602e-310,4.64602e-310,0,[ ],[ ]
305,4.64602e-310,4.64602e-310,0,[ ],[ ]
306,4.64602e-310,4.64602e-310,0,[ ],[ ]
307,4.64602e-310,4.64602e-310,0,[ ],[ ]
308,4.64602e-310,4.64602e-310,0,[ ],[ ]
309,4.64602e-310,4.64602e-310,0,[ ],[ ]
310,4.64602e-310,4.64602e-310,0,[ ],[ ]
311,4.64602e-310,4.64602e-310,0,[ ],[ ]
312,4.64602e-310,4.64602e-310,0,[ ],[ ]
313,4.64602e-310,4.64602e-310,0,[ ],[ ]
314,4.64602e-310,4.64602e-310,0,[ ],[ ]
315,4.64602e-310,4.64602e-310,0,[ ],[ ]
316,4.64602e-310,4.64602e-310,0,[ ],[ ]
317,4.64602e-310,4.64602e-310,0,[ ],[ ]
318,4.64602e-310,4.64602e-310,0,[ ],[ ]
319,4.64602e-310,4.64602e-310,0,[ ],[ ]
320,4.64602e-310,4.64602e-310,0,[ ],[ ]
321,4.64602e-310,4.64602e-310,0,[ ],[ ]
322,4.64602e-310,4.64602e-310,0,[ ],[ ]
323,4.64602e-310,4.64602e-310,0,[ ],[ ]
324,4.64602e-310,4.64602e-310,0,[ ],[ ]
325,4.64602e-310,4.64602e-310,0,[ ],[ ]
326,4.64602e-310,4.64602e-310,0,[ ],[ ]
327,4.64602e-310,4.64602e-310,0,[ ],[ ]
328,4.64602e-310,4.64602e-310,0,[ ],[ ]
329,4.64602e-310,4.64602e-310,0,[ ],[ ]
330,4.64602e-310,4.64602e-310,0,[ ],[ ]
331,4.64602e-310,4.64602e-310,0,[ ],[ ]
332,4.64602e-310,4.64602e-310,0,[ ],[ ]
333,4.64602e-310,4.64602e-310,0,[ ],[ ]
334,4.64602e-310,4.64602e-310,0,[ ],[ ]
335,4.64602e-310,4.64602e-310,0,[ ],[ ]
336,4.64602e-310,4.64602e-310,0,[ ],[ ]
337,4.64602e-310,4.64602e-310,0,[ ],[ ]
338,4.64602e-310,4.64602e-310,0,[ ],[ ]
339,4.64602e-310,4.64602e-310,0,[ ],[ ]
340,4.64602e-310,4.64602e-310,0,[ ],[ ]
341,4.64602e-310,4.64602e-310,0,[ ],[ ]
342,4.64602e-310,4.64602e-310,0,[ ],[ ]
343,4.64602e-310,4.64602e-310,0,[ ],[ ]
344,4.64602e-310,4.64602e-310,0,[ ],[ ]
345,4.64602e-310,4.64602e-310,0,[ ],[ ]
346,4.64602e-310,4.64602e-310,0,[ ],[ ]
347,4.64602e-310,4.64602e-310,0,[ ],[ ]
348,4.64602e-310,4.64602e-310,0,[ ],[ ]
349,4.64602e-310,4.64602e-310,0,[ ],[ ]
350,4.64602e-310,4.64602e-310,0,[ ],[ ]
351,4.64602e-310,4.64602e-310,0,[ ],[ ]
352,4.64602e-310,4.64602e-310,0,[ ],[ ]
353,4.64602e-310,4.64602e-310,0,[ ],[ ]
354,4.64602e-310,4.64602e-310,0,[ ],[ ]
355,4.64602e-310,4.64602e-310,0,[ ],[ ]
356,4.64602e-310,4.64602e-310,0,[ ],[ ]
357,4.64602e-310,4.64602e-310,0,[ ],[ ]
358,4.64602e-310,4.64602e-310,0,[ ],[ ]
359,4.64602e-310,4.64602e-310,0,[ ],[ ]
360,4.64602e-310,4.64602e-310,0,[ ],[ ]
361,4.64602e-310,4.64602e-310,0,[ ],[ ]
362,4.64602e-310,4.64602e-310,0,[ ],[ ]
363,4.64602e-310,4.64602e-310,0,[ ],[ ]
364,4.64602e-310,4.64602e-310,0,[ ],[ ]
365,4.64602e-310,4.64602e-310,0,[ ],[ ]
366,4.64602e-310,4.64602e-310,0,[ ],[ ]
367,4.64602e-310,4.64602e-310,0,[ ],[ ]
368,4.64602e-310,4.64602e-310,0,[ ],[ ]
369,4.64602e-310,4.64602e-310,0,[ ],[ ]
370,4.64602e-310,4.64602e-310,0,[ ],[ ]
371,4.64602e-310,4.64602e-310,0,[ ],[ ]
372,4.64602e-310,4.64602e-310,0,[ ],[ ]
373,4.64602e-310,4.64602e-310,0,[ ],[ ]
374,4.64602e-310,4.64602e-310,0,[ ],[ ]
375,4.64602e-310,4.64602e-310,0,[ ],[ ]
376,4.64602e-310,4.64602e-310,0,[ ],[ ]
377,4.64602e-310,4.64602e-310,0,[ ],[ ]
378,4.64602e-310,4.64602e-310,0,[ ],[ ]
379,4.64602e-310,4.64602e-310,0,[ ],[ ]
380,4.64602e-310,4.64602e-310,0,[ ],[ ]
381,4.64602e-310,4.64602e-310,0,[ ],[ ]
382,4.64602e-310,4.64602e-310,0,[ ],[ ]
383,4.64602e-310,4.64602e-310,0,[ ],[ ]
384,4.64602e-310,4.64602e-310,0,[ ],[ ]
385,4.64602e-310,4.64602e-310,0,[ ],[ ]
386,4.64602e-310,4.64602e-310,0,[ ],[ ]
387,4.64602e-310,4.64602e-310,0,[ ],[ ]
388,4.64602e-310,4.64602e-310,0,[ ],[ ]
389,4.64602e-310,4.64602e-310,0,[ ],[ ]
390,4.64602e-310,4.64602e-310,0,[ ],[ ]
391,4.64602e-310,4.64602e-310,0,[ ],[ ]
392,4.64602e-310,4.64602e-310,0,[ ],[ ]
393,4.64602e-310,4.64602e-310,0,[ ],[ ]
394,4.64602e-310,4.64602e-310,0,[ ],[ ]
395,4.64602e-310,4.64602e-310,0,[ ],[ ]
396,4.64602e-310,4.64602e-310,0,[ ],[ ]
397,4.64602e-310,4.64602e-310,0,[ ],[ ]
398,4.64602e-310,4.64602e-310,0,[ ],[ ]
399,4.64602e-310,4.64602e-310,0,[ ],[ ]
400,4.64602e-310,4.64602e-310,0,[ ],[ ]
401,4.64602e-310,4.64602e-310,0,[ ],[ ]
402,4.64602e-310,4.64602e-310,0,[ ],[ ]
403,4.64602e-310,4.64602e-310,0,[ ],[ ]
404,4.64602e-310,4.64602e-310,0,[ ],[ ]
405,4.64602e-310,4.64602e-310,0,[ ],[ ]
406,4.64602e-310,4.64602e-310,0,[ ],[ ]
407,4.64602e-310,4.64602e-310,0,[ ],[ ]
408,4.64602e-310,4.64602e-310,0,[ ],[ ]
409,4.64602e-310,4.64602e-310,0,[ ],[ ]
410,4.64602e-310,4.64602e-310,0,[ ],[ ]
411,4.64602e-310,4.64602e-310,0,[ ],[ ]
412,4.64602e-310,4.64602e-310,0,[ ],[ ]
413,4.64602e-310,4.64602e-310,0,[ ],[ ]
414,4.64602e-310,4.64602e-310,0,[ ],[ ]
415,4.64602e-310,4.64602e-310,0,[ ],[ ]
416,4.64602e-310,4.64602e-310,0,[ ],[ ]
417,4.64602e-310,4.64602e-310,0,[ ],[ ]
418,4.64602e-310,4.64602e-310,0,[ ],[ ]
419,4.64602e-310,4.64602e-310,0,[ ],[ ]
420,4.64602e-310,4.64602e-310,0,[ ],[ ]
421,4.64602e-310,4.64602e-310,0,[ ],[ ]
422,4.64602e-310,4.64602e-310,0,[ ],[ ]
423,4.64602e-310,4.64602e-310,0,[ ],[ ]
424,4.64602e-310,4.64602e-310,0,[ ],[ ]
425,4.64602e-310,4.64602e-310,0,[ ],[ ]
426,4.64602e-310,4.64602e-310,0,[ ],[ ]
427,4.64602e-310,4.64602e-310,0,[ ],[ ]
428,4.64602e-310,4.64602e-310,0,[ ],[ ]
429,4.64602e-310,4.64602e-310,0,[ ],[ ]
430,4.64602e-310,4.64602e-310,0,[ ],[ ]
431,4.64602e-310,4.64602e-310,0,[ ],[ ]
432,4.64602e-310,4.64602e-310,0,[ ],[ ]
433,4.64602e-310,4.64602e-310,0,[ ],[ ]
434,4.64602e-310,4.64602e-310,0,[ ],[ ]
435,4.64602e-310,4.64602e-310,0,[ ],[ ]
436,4.64602e-310,4.64602e-310,0,[ ],[ ]
437,4.64602e-310,4.64602e-310,0,[ ],[ ]
438,4.64602e-310,4.64602e-310,0,[ ],[ ]
439,4.64602e-310,4.64602e-310,0,[ ],[ ]
440,4.64602e-310,4.64602e-310,0,[ ],[ ]
441,4.64602e-310,4.64602e-310,0,[ ],[ ]
442,4.64602e-310,4.64602e-310,0,[ ],[ ]
443,4.64602e-310,4.64602e-310,0,[ ],[ ]
444,4.64602e-310,4.64602e-310,0,[ ],[ ]
445,4.64602e-310,4.64602e-310,0,[ ],[ ]
446,4.64602e-310,4.64602e-310,0,[ ],[ ]
447,4.64602e-310,4.64602e-310,0,[ ],[ ]
448,4.64602e-310,4.64602e-310,0,[ ],[ ]
449,4.64602e-310,4.64602e-310,0,[ ],[ ]
450,4.64602e-310,4.64602e-310,0,[ ],[ ]
451,4.64602e-310,4.64602e-310,0,[ ],[ ]
452,4.64602e-310,4.64602e-310,0,[ ],[ ]
453,4.64602e-310,4.64602e-310,0,[ ],[ ]
454,4.64602e-310,4.64602e-310,0,[ ],[ ]
455,4.64602e-310,4.64602e-310,0,[ ],[ ]
456,4.64602e-310,4.64602e-310,0,[ ],[ ]
457,4.64602e-310,4.64602e-310,0,[ ],[ ]
458,4.64602e-310,4.64602e-310,0,[ ],[ ]
459,4.64602e-310,4.64602e-310,0,[ ],[ ]
460,4.64602e-310,4.64602e-310,0,[ ],[ ]
461,4.64602e-310,4.64602e-310,0,[ ],[ ]
462,4.64602e-310,4.64602e-310,0,[ ],[ ]
463,4.64602e-310,4.64602e-310,0,[ ],[ ]
464,4.64602e-310,4.64602e-310,0,[ ],[ ]
465,4.64602e-310,4.64602e-310,0,[ ],[ ]
466,4.64602e-310,4.64602e-310,0,[ ],[ ]
467,4.64602e-310,4.64602e-310,0,[ ],[ ]
468,4.64602e-310,4.64602e-310,0,[ ],[ ]
469,4.64602e-310,4.64602e-310,0,[ ],[ ]
470,4.64602e-310,4.64602e-310,0,[ ],[ ]
471,4.64602e-310,4.64602e-310,0,[ ],[ ]
472,4.64602e-310,4.64602e-310,0,[ ],[ ]
473,4.64602e-310,4.64602e-310,0,[ ],[ ]
474,4.64602e-310,4.64602e-310,0,[ ],[ ]
475,4.64602e-310,4.64602e-310,0,[ ],[ ]
476,4.64602e-310,4.64602e-310,0,[ ],[ ]
477,4.64602e-310,4.64602e-310,0,[ ],[ ]
478,4.64602e-310,4.64602e-310,0,[ ],[ ]
479,4.64602e-310,4.64602e-310,0,[ ],[ ]
480,4.64602e-310,4.64602e-310,0,[ ],[ ]
481,4.64602e-310,4.64602e-310,0,[ ],[ ]
482,4.64602e-310,4.64602e-310,0,[ ],[ ]
483,4.64602e-310,4.64602e-310,0,[ ],[ ]
484,4.64602e-310,4.64602e-310,0,[ ],[ ]
485,4.64602e-310,4.64602e-310,0,[ ],[ ]
486,4.64602e-310,4.64602e-310,0,[ ],[ ]
487,4.64602e-310,4.64602e-310,0,[ ],[ ]
488,4.64602e-310,4.64602e-310,0,[ ],[ ]
489,4.64602e-310,4.64602e-310,0,[ ],[ ]
490,4.64602e-310,4.64602e-310,0,[ ],[ ]
491,4.64602e-310,4.64602e-310,0,[ ],[ ]
492,4.64602e-310,4.64602e-310,0,[ ],[ ]
493,4.64602e-310,4.64602e-310,0,[ ],[ ]
494,4.64602e-310,4.64602e-310,0,[ ],[ ]
495,4.64602e-310,4.64602e-310,0,[ ],[ ]
496,4.64602e-310,4.64602e-310,0,[ ],[ ]
497,4.64602e-310,4.64602e-310,0,[ ],[ ]
498,4.64602e-310,4.64602e-310,0,[ ],[ ]
499,4.64602e-310,4.64602e-310,0,[ ],[ ]
500,4.64602e-310,4.64602e-310,0,[ ],[ ]
501,4.64602e-310,4.64602e-310,0,[ ],[ ]
502,4.64602e-310,4.64602e-310,0,[ ],[ ]
503,4.64602e-310,4.64602e-310,0,[ ],[ ]
504,4.64602e-310,4.64602e-310,0,[ ],[ ]
505,4.64602e-310,4.64602e-310,0,[ ],[ ]
506,4.64602e-310,4.64602e-310,0,[ ],[ ]
507,4.64602e-310,4.64602e-310,0,[ ],[ ]
508,4.64602e-310,4.64602e-310,0,[ ],[ ]
509,4.64602e-310,4.64602e-310,0,[ ],[ ]
510,4.64602e-310,4.64602e-310,0,[ ],[ ]
511,4.64602e-310,4.64602e-310,0,[ ],[ ]
512,4.64602e-310,4.64602e-310,0,[ ],[ ]
513,4.64602e-310,4.64602e-310,0,[ ],[ ]
514,4.64602e-310,4.64602e-310,0,[ ],[ ]
515,4.64602e-310,4.64602e-310,0,[ ],[ ]
516,4.64602e-310,4.64602e-310,0,[ ],[ ]
517,4.64602e-310,4.64602e-310,0,[ ],[ ]
518,4.64602e-310,4.64602e-310,0,[ ],[ ]
519,4.64602e-310,4.64602e-310,0,[ ],[ ]
520,4.64602e-310,4.64602e-310,0,[ ],[ ]
521,4.64602e-310,4.64602e-310,0,[ ],[ ]
522,4.64602e-310,4.64602e-310,0,[ ],[ ]
523,4.64602e-310,4.64602e-310,0,[ ],[ ]
524,4.64602e-310,4.64602e-310,0,[ ],[ ]
525,4.64602e-310,4.64602e-310,0,[ ],[ ]
526,4.64602e-310,4.64602e-310,0,[ ],[ ]
527,4.64602e-310,4.64602e-310,0,[ ],[ ]
528,4.64602e-310,4.64602e-310,0,[ ],[ ]
529,4.64602e-310,4.64602e-310,0,[ ],[ ]
530,4.64602e-310,4.64602e-310,0,[ ],[ ]
531,4.64602e-310,4.64602e-310,0,[ ],[ ]
532,4.64602e-310,4.64602e-310,0,[ ],[ ]
533,4.64602e-310,4.64602e-310,0,[ ],[ ]
534,4.64602e-310,4.64602e-310,0,[ ],[ ]
535,4.64602e-310,4.64602e-310,0,[ ],[ ]
536,4.64602e-310,4.64602e-310,0,[ ],[ ]
537,4.64602e-310,4.64602e-310,0,[ ],[ ]
538,4.64602e-310,4.64602e-310,0,[ ],[ ]
539,4.64602e-310,4.64602e-310,0,[ ],[ ]
540,4.64602e-310,4.64602e-310,0,[ ],[ ]
541,4.64602e-310,4.64602e-310,0,[ ],[ ]
542,4.64602e-310,4.64602e-310,0,[ ],[ ]
543,4.64602e-310,4.64602e-310,0,[ ],[ ]
544,4.64602e-310,4.64602e-310,0,[ ],[ ]
545,4.64602e-310,4.64602e-310,0,[ ],[ ]
546,4.64602e-310,4.64602e-310,0,[ ],[ ]
547,4.64602e-310,4.64602e-310,0,[ ],[ ]
548,4.64602e-310,4.64602e-310,0,[ ],[ ]
549,4.64602e-310,4.64602e-310,0,[ ],[ ]
550,4.64602e-310,4.64602e-310,0,[ ],[ ]
551,4.64602e-310,4.64602e-310,0,[ ],[ ]
552,4.64602e-310,4.64602e-310,0,[ ],[ ]
553,4.64602e-310,4.64602e-310,0,[ ],[ ]
554,4.64602e-310,4.64602e-310,0,[ ],[ ]
555,4.64602e-310,4.64602e-310,0,[ ],[ ]
556,4.64602e-310,4.64602e-310,0,[ ],[ ]
557,4.64602e-310,4.64602e-310,0,[ ],[ ]
558,4.64602e-310,4.64602e-310,0,[ ],[ ]
559,4.64602e-310,4.64602e-310,0,[ ],[ ]
560,4.64602e-310,4.64602e-310,0,[ ],[ ]
561,4.64602e-310,4.64602e-310,0,[ ],[ ]
562,4.64602e-310,4.64602e-310,0,[ ],[ ]
563,4.64602e-310,4.64602e-310,0,[ ],[ ]
564,4.64602e-310,4.64602e-310,0,[ ],[ ]
565,4.64602e-310,4.64602e-310,0,[ ],[ ]
566,4.64602e-310,4.64602e-310,0,[ ],[ ]
567,4.64602e-310,4.64602e-310,0,[ ],[ ]
568,4.64602e-310,4.64602e-310,0,[ ],[ ]
569,4.64602e-310,4.64602e-310,0,[ ],[ ]
570,4.64602e-310,4.64602e-310,0,[ ],[ ]
571,4.64602e-310,4.64602e-310,0,[ ],[ ]
572,4.64602e-310,4.64602e-310,0,[ ],[ ]
573,4.64602e-310,4.64602e-310,0,[ ],[ ]
574,4.64602e-310,4.64602e-310,0,[ ],[ ]
575,4.64602e-310,4.64602e-310,0,[ ],[ ]
576,4.64602e-310,4.64602e-310,0,[ ],[ ]
577,4.64602e-310,4.64602e-310,0,[ ],[ ]
578,4.64602e-310,4.64602e-310,0,[ ],[ ]
579,4.64602e-310,4.64602e-310,0,[ ],[ ]
580,4.64602e-310,4.64602e-310,0,[ ],[ ]
581,4.64602e-310,4.64602e-310,0,[ ],[ ]
582,4.64602e-310,4.64602e-310,0,[ ],[ ]
583,4.64602e-310,4.64602e-310,0,[ ],[ ]
584,4.64602e-310,4.64602e-310,0,[ ],[ ]
585,4.64602e-310,4.64602e-310,0,[ ],[ ]
586,4.64602e-310,4.64602e-310,0,[ ],[ ]
587,4.64602e-310,4.64602e-310,0,[ ],[ ]
588,4.64602e-310,4.64602e-310,0,[ ],[ ]
589,4.64602e-310,4.64602e-310,0,[ ],[ ]
590,4.64602e-310,4.64602e-310,0,[ ],[ ]
591,4.64602e-310,4.64602e-310,0,[ ],[ ]
592,4.64602e-310,4.64602e-310,0,[ ],[ ]
593,4.64602e-310,4.64602e-310,0,[ ],[ ]
594,4.64602e-310,4.64602e-310,0,[ ],[ ]
595,4.64602e-310,4.64602e-310,0,[ ],[ ]
596,4.64602e-310,4.64602e-310,0,[ ],[ ]
597,4.64602e-310,4.64602e-310,0,[ ],[ ]
598,4.64602e-310,4.64602e-310,0,[ ],[ ]
599,4.64602e-310,4.64602e-310,0,[ ],[ ]
600,4.64602e-310,4.64602e-310,0,[ ],[ ]
601,4.64602e-310,4.64602e-310,0,[ ],[ ]
602,4.64602e-310,4.64602e-310,0,[ ],[ ]
603,4.64602e-310,4.64602e-310,0,[ ],[ ]
604,4.64602e-310,4.64602e-310,0,[ ],[ ]
605,4.64602e-310,4.64602e-310,0,[ ],[ ]
606,4.64602e-310,4.64602e-310,0,[ ],[ ]
607,4.64602e-310,4.64602e-310,0,[ ],[ ]
608,4.64602e-310,4.64602e-310,0,[ ],[ ]
609,4.64602e-310,4.64602e-310,0,[ ],[ ]
610,4.64602e-310,4.64602e-310,0,[ ],[ ]
611,4.64602e-310,4.64602e-310,0,[ ],[ ]
612,4.64602e-310,4.64602e-310,0,[ ],[ ]
613,4.64602e-310,4.64602e-310,0,[ ],[ ]
614,4.64602e-310,4.64602e-310,0,[ ],[ ]
615,4.64602e-310,4.64602e-310,0,[ ],[ ]
616,4.64602e-310,4.64602e-310,0,[ ],[ ]
617,4.64602e-310,4.64602e-310,0,[ ],[ ]
618,4.64602e-310,4.64602e-310,0,[ ],[ ]
619,4.64602e-310,4.64602e-310,0,[ ],[ ]
620,4.64602e-310,4.64602e-310,0,[ ],[ ]
621,4.64602e-310,4.64602e-310,0,[ ],[ ]
622,4.64602e-310,4.64602e-310,0,[ ],[ ]
623,4.64602e-310,4.64602e-310,0,[ ],[ ]
624,4.64602e-310,4.64602e-310,0,[ ],[ ]
625,4.64602e-310,4.64602e-310,0,[ ],[ ]
626,4.64602e-310,4.64602e-310,0,[ ],[ ]
627,4.64602e-310,4.64602e-310,0,[ ],[ ]
628,4.64602e-310,4.64602e-310,0,[ ],[ ]
629,4.64602e-310,4.64602e-310,0,[ ],[ ]
630,4.64602e-310,4.64602e-310,0,[ ],[ ]
631,4.64602e-310,4.64602e-310,0,[ ],[ ]
632,4.64602e-310,4.64602e-310,0,[ ],[ ]
633,4.64602e-310,4.64602e-310,0,[ ],[ ]
634,4.64602e-310,4.64602e-310,0,[ ],[ ]
635,4.64602e-310,4.64602e-310,0,[ ],[ ]
636,4.64602e-310,4.64602e-310,0,[ ],[ ]
637,4.64602e-310,4.64602e-310,0,[ ],[ ]
638,4.64602e-310,4.64602e-310,0,[ ],[ ]
639,4.64602e-310,4.64602e-310,0,[ ],[ ]
640,4.64602e-310,4.64602e-310,0,[ ],[ ]
641,4.64602e-310,4.64602e-310,0,[ ],[ ]
642,4.64602e-310,4.64602e-310,0,[ ],[ ]
643,4.64602e-310,4.64602e-310,0,[ ],[ ]
644,4.64602e-310,4.64602e-310,0,[ ],[ ]
645,4.64602e-310,4.64602e-310,0,[ ],[ ]
646,4.64602e-310,4.64602e-310,0,[ ],[ ]
647,4.64602e-310,4.64602e-310,0,[ ],[ ]
648,4.64602e-310,4.64602e-310,0,[ ],[ ]
649,4.64602e-310,4.64602e-310,0,[ ],[ ]
650,4.64602e-310,4.64602e-310,0,[ ],[ ]
651,4.64602e-310,4.64602e-310,0,[ ],[ ]
652,4.64602e-310,4.64602e-310,0,[ ],[ ]
653,4.64602e-310,4.64602e-310,0,[ ],[ ]
654,4.64602e-310,4.64602e-310,0,[ ],[ ]
655,4.64602e-310,4.64602e-310,0,[ ],[ ]
656,4.64602e-310,4.64602e-310,0,[ ],[ ]
657,4.64602e-310,4.64602e-310,0,[ ],[ ]
658,4.64602e-310,4.64602e-310,0,[ ],[ ]
659,4.64602e-310,4.64602e-310,0,[ ],[ ]
660,4.64602e-310,4.64602e-310,0,[ ],[ ]
661,4.64602e-310,4.64602e-310,0,[ ],[ ]
662,4.64602e-310,4.64602e-310,0,[ ],[ ]
663,4.64602e-310,4.64602e-310,0,[ ],[ ]
664,4.64602e-310,4.64602e-310,0,[ ],[ ]
665,4.64602e-310,4.64602e-310,0,[ ],[ ]
666,4.64602e-310,4.64602e-310,0,[ ],[ ]
667,4.64602e-310,4.64602e-310,0,[ ],[ ]
668,4.64602e-310,4.64602e-310,0,[ ],[ ]
669,4.64602e-310,4.64602e-310,0,[ ],[ ]
670,4.64602e-310,4.64602e-310,0,[ ],[ ]
671,4.64602e-310,4.64602e-310,0,[ ],[ ]
672,4.64602e-310,4.64602e-310,0,[ ],[ ]
673,4.64602e-310,4.64602e-310,0,[ ],[ ]
674,4.64602e-310,4.64602e-310,0,[ ],[ ]
675,4.64602e-310,4.64602e-310,0,[ ],[ ]
676,4.64602e-310,4.64602e-310,0,[ ],[ ]
677,4.64602e-310,4.64602e-310,0,[ ],[ ]
678,4.64602e-310,4.64602e-310,0,[ ],[ ]
679,4.64602e-310,4.64602e-310,0,[ ],[ ]
680,4.64602e-310,4.64602e-310,0,[ ],[ ]
681,4.64602e-310,4.64602e-310,0,[ ],[ ]
682,4.64602e-310,4.64602e-310,0,[ ],[ ]
683,4.64602e-310,4.64602e-310,0,[ ],[ ]
684,4.64602e-310,4.64602e-310,0,[ ],[ ]
685,4.64602e-310,4.64602e-310,0,[ ],[ ]
686,4.64602e-310,4.64602e-310,0,[ ],[ ]
687,4.64602e-310,4.64602e-310,0,[ ],[ ]
688,4.64602e-310,4.64602e-310,0,[ ],[ ]
689,4.64602e-310,4.64602e-310,0,[ ],[ ]
690,4.64602e-310,4.64602e-310,0,[ ],[ ]
691,4.64602e-310,4.64602e-310,0,[ ],[ ]
692,4.64602e-310,4.64602e-310,0,[ ],[ ]
693,4.64602e-310,4.64602e-310,0,[ ],[ ]
694,4.64602e-310,4.64602e-310,0,[ ],[ ]
695,4.64602e-310,4.64602e-310,0,[ ],[ ]
696,4.64602e-310,4.64602e-310,0,[ ],[ ]
697,4.64602e-310,4.64602e-310,0,[ ],[ ]
698,4.64602e-310,4.64602e-310,0,[ ],[ ]
699,4.64602e-310,4.64602e-310,0,[ ],[ ]
700,4.64602e-310,4.64602e-310,0,[ ],[ ]
701,4.64602e-310,4.64602e-310,0,[ ],[ ]
702,4.64602e-310,4.64602e-310,0,[ ],[ ]
703,4.64602e-310,4.64602e-310,0,[ ],[ ]
704,4.64602e-310,4.64602e-310,0,[ ],[ ]
705,4.64602e-310,4.64602e-310,0,[ ],[ ]
706,4.64602e-310,4.64602e-310,0,[ ],[ ]
707,4.64602e-310,4.64602e-310,0,[ ],[ ]
708,4.64602e-310,4.64602e-310,0,[ ],[ ]
709,4.64602e-310,4.64602e-310,0,[ ],[ ]
710,4.64602e-310,4.64602e-310,0,[ ],[ ]
711,4.64602e-310,4.64602e-310,0,[ ],[ ]
712,4.64602e-310,4.64602e-310,0,[ ],[ ]
713,4.64602e-310,4.64602e-310,0,[ ],[ ]
714,4.64602e-310,4.64602e-310,0,[ ],[ ]
715,4.64602e-310,4.64602e-310,0,[ ],[ ]
716,4.64602e-310,4.64602e-310,0,[ ],[ ]
717,4.64602e-310,4.64602e-310,0,[ ],[ ]
718,4.64602e-310,4.64602e-310,0,[ ],[ ]
719,4.64602e-310,4.64602e-310,0,[ ],[ ]
720,4.64602e-310,4.64602e-310,0,[ ],[ ]
721,4.64602e-310,4.64602e-310,0,[ ],[ ]
722,4.64602e-310,4.64602e-310,0,[ ],[ ]
723,4.64602e-310,4.64602e-310,0,[ ],[ ]
724,4.64602e-310,4.64602e-310,0,[ ],[ ]
725,4.64602e-310,4.64602e-310,0,[ ],[ ]
726,4.64602e-310,4.64602e-310,0,[ ],[ ]
727,4.64602e-310,4.64602e-310,0,[ ],[ ]
728,4.64602e-310,4.64602e-310,0,[ ],[ ]
729,4.64602e-310,4.64602e-310,0,[ ],[ ]
730,4.64602e-310,4.64602e-310,0,[ ],[ ]
731,4.64602e-310,4.64602e-310,0,[ ],[ ]
732,4.64602e-310,4.64602e-310,0,[ ],[ ]
733,4.64602e-310,4.64602e-310,0,[ ],[ ]
734,4.64602e-310,4.64602e-310,0,[ ],[ ]
735,4.64602e-310,4.64602e-310,0,[ ],[ ]
736,4.64602e-310,4.64602e-310,0,[ ],[ ]
737,4.64602e-310,4.64602e-310,0,[ ],[ ]
738,4.64602e-310,4.64602e-310,0,[ ],[ ]
739,4.64602e-310,4.64602e-310,0,[ ],[ ]
740,4.64602e-310,4.64602e-310,0,[ ],[ ]
741,4.64602e-310,4.64602e-310,0,[ ],[ ]
742,4.64602e-310,4.64602e-310,0,[ ],[ ]
743,4.64602e-310,4.64602e-310,0,[ ],[ ]
744,4.64602e-310,4.64602e-310,0,[ ],[ ]
745,4.64602e-310,4.64602e-310,0,[ ],[ ]
746,4.64602e-310,4.64602e-310,0,[ ],[ ]
747,4.64602e-310,4.64602e-310,0,[ ],[ ]
748,4.64602e-310,4.64602e-310,0,[ ],[ ]
749,4.64602e-310,4.64602e-310,0,[ ],[ ]
750,4.64602e-310,4.64602e-310,0,[ ],[ ]
751,4.64602e-310,4.64602e-310,0,[ ],[ ]
752,4.64602e-310,4.64602e-310,0,[ ],[ ]
753,4.64602e-310,4.64602e-310,0,[ ],[ ]
754,4.64602e-310,4.64602e-310,0,[ ],[ ]
755,4.64602e-310,4.64602e-310,0,[ ],[ ]
756,4.64602e-310,4.64602e-310,0,[ ],[ ]
757,4.64602e-310,4.64602e-310,0,[ ],[ ]
758,4.64602e-310,4.64602e-310,0,[ ],[ ]
759,4.64602e-310,4.64602e-310,0,[ ],[ ]
760,4.64602e-310,4.64602e-310,0,[ ],[ ]
761,4.64602e-310,4.64602e-310,0,[ ],[ ]
762,4.64602e-310,4.64602e-310,0,[ ],[ ]
763,4.64602e-310,4.64602e-310,0,[ ],[ ]
764,4.64602e-310,4.64602e-310,0,[ ],[ ]
765,4.64602e-310,4.64602e-310,0,[ ],[ ]
766,4.64602e-310,4.64602e-310,0,[ ],[ ]
767,4.64602e-310,4.64602e-310,0,[ ],[ ]
768,4.64602e-310,4.64602e-310,0,[ ],[ ]
769,4.64602e-310,4.64602e-310,0,[ ],[ ]
770,4.64602e-310,4.64602e-310,0,[ ],[ ]
771,4.64602e-310,4.64602e-310,0,[ ],[ ]
772,4.64602e-310,4.64602e-310,0,[ ],[ ]
773,4.64602e-310,4.64602e-310,0,[ ],[ ]
774,4.64602e-310,4.64602e-310,0,[ ],[ ]
775,4.64602e-310,4.64602e-310,0,[ ],[ ]
776,4.64602e-310,4.64602e-310,0,[ ],[ ]
777,4.64602e-310,4.64602e-310,0,[ ],[ ]
778,4.64602e-310,4.64602e-310,0,[ ],[ ]
779,4.64602e-310,4.64602e-310,0,[ ],[ ]
780,4.64602e-310,4.64602e-310,0,[ ],[ ]
781,4.64602e-310,4.64602e-310,0,[ ],[ ]
782,4.64602e-310,4.64602e-310,0,[ ],[ ]
783,4.64602e-310,4.64602e-310,0,[ ],[ ]
784,4.64602e-310,4.64602e-310,0,[ ],[ ]
785,4.64602e-310,4.64602e-310,0,[ ],[ ]
786,4.64602e-310,4.64602e-310,0,[ ],[ ]
787,4.64602e-310,4.64602e-310,0,[ ],[ ]
788,4.64602e-310,4.64602e-310,0,[ ],[ ]
789,4.64602e-310,4.64602e-310,0,[ ],[ ]
790,4.64602e-310,4.64602e-310,0,[ ],[ ]
791,4.64602e-310,4.64602e-310,0,[ ],[ ]
792,4.64602e-310,4.64602e-310,0,[ ],[ ]
793,4.64602e-310,4.64602e-310,0,[ ],[ ]
794,4.64602e-310,4.64602e-310,0,[ ],[ ]
795,4.64602e-310,4.64602e-310,0,[ ],[ ]
796,4.64602e-310,4.64602e-310,0,[ ],[ ]
797,4.64602e-310,4.64602e-310,0,[ ],[ ]
798,4.64602e-310,4.64602e-310,0,[ ],[ ]
799,4.64602e-310,4.64602e-310,0,[ ],[ ]
800,4.64602e-310,4.64602e-310,0,[ ],[ ]
801,4.64602e-310,4.64602e-310,0,[ ],[ ]
802,4.64602e-310,4.64602e-310,0,[ ],[ ]
803,4.64602e-310,4.64602e-310,0,[ ],[ ]
804,4.64602e-310,4.64602e-310,0,[ ],[ ]
805,4.64602e-310,4.64602e-310,0,[ ],[ ]
806,4.64602e-310,4.64602e-310,0,[ ],[ ]
807,4.64602e-310,4.64602e-310,0,[ ],[ ]
808,4.64602e-310,4.64602e-310,0,[ ],[ ]
809,4.64602e-310,4.64602e-310,0,[ ],[ ]
810,4.64602e-310,4.64602e-310,0,[ ],[ ]
811,4.64602e-310,4.64602e-310,0,[ ],[ ]
812,4.64602e-310,4.64602e-310,0,[ ],[ ]
813,4.64602e-310,4.64602e-310,0,[ ],[ ]
814,4.64602e-310,4.64602e-310,0,[ ],[ ]
815,4.64602e-310,4.64602e-310,0,[ ],[ ]
816,4.64602e-310,4.64602e-310,0,[ ],[ ]
817,4.64602e-310,4.64602e-310,0,[ ],[ ]
818,4.64602e-310,4.64602e-310,0,[ ],[ ]
819,4.64602e-310,4.64602e-310,0,[ ],[ ]
820,4.64602e-310,4.64602e-310,0,[ ],[ ]
821,4.64602e-310,4.64602e-310,0,[ ],[ ]
822,4.64602e-310,4.64602e-310,0,[ ],[ ]
823,4.64602e-310,4.64602e-310,0,[ ],[ ]
824,4.64602e-310,4.64602e-310,0,[ ],[ ]
825,4.64602e-310,4.64602e-310,0,[ ],[ ]
826,4.64602e-310,4.64602e-310,0,[ ],[ ]
827,4.64602e-310,4.64602e-310,0,[ ],[ ]
828,4.64602e-310,4.64602e-310,0,[ ],[ ]
829,4.64602e-310,4.64602e-310,0,[ ],[ ]
830,4.64602e-310,4.64602e-310,0,[ ],[ ]
831,4.64602e-310,4.64602e-310,0,[ ],[ ]
832,4.64602e-310,4.64602e-310,0,[ ],[ ]
833,4.64602e-310,4.64602e-310,0,[ ],[ ]
834,4.64602e-310,4.64602e-310,0,[ ],[ ]
835,4.64602e-310,4.64602e-310,0,[ ],[ ]
836,4.64602e-310,4.64602e-310,0,[ ],[ ]
837,4.64602e-310,4.64602e-310,0,[ ],[ ]
838,4.64602e-310,4.64602e-310,0,[ ],[ ]
839,4.64602e-310,4.64602e-310,0,[ ],[ ]
840,4.64602e-310,4.64602e-310,0,[ ],[ ]
841,4.64602e-310,4.64602e-310,0,[ ],[ ]
842,4.64602e-310,4.64602e-310,0,[ ],[ ]
843,4.64602e-310,4.64602e-310,0,[ ],[ ]
844,4.64602e-310,4.64602e-310,0,[ ],[ ]
845,4.64602e-310,4.64602e-310,0,[ ],[ ]
846,4.64602e-310,4.64602e-310,0,[ ],[ ]
847,4.64602e-310,4.64602e-310,0,[ ],[ ]
848,4.64602e-310,4.64602e-310,0,[ ],[ ]
849,4.64602e-310,4.64602e-310,0,[ ],[ ]
850,4.64602e-310,4.64602e-310,0,[ ],[ ]
851,4.64602e-310,4.64602e-310,0,[ ],[ ]
852,4.64602e-310,4.64602e-310,0,[ ],[ ]
853,4.64602e-310,4.64602e-310,0,[ ],[ ]
854,4.64602e-310,4.64602e-310,0,[ ],[ ]
855,4.64602e-310,4.64602e-310,0,[ ],[ ]
856,4.64602e-310,4.64602e-310,0,[ ],[ ]
857,4.64602e-310,4.64602e-310,0,[ ],[ ]
858,4.64602e-310,4.64602e-310,0,[ ],[ ]
859,4.64602e-310,4.64602e-310,0,[ ],[ ]
860,4.64602e-310,4.64602e-310,0,[ ],[ ]
861,4.64602e-310,4.64602e-310,0,[ ],[ ]
862,4.64602e-310,4.64602e-310,0,[ ],[ ]
863,4.64602e-310,4.64602e-310,0,[ ],[ ]
864,4.64602e-310,4.64602e-310,0,[ ],[ ]
865,4.64602e-310,4.64602e-310,0,[ ],[ ]
866,4.64602e-310,4.64602e-310,0,[ ],[ ]
867,4.64602e-310,4.64602e-310,0,[ ],[ ]
868,4.64602e-310,4.64602e-310,0,[ ],[ ]
869,4.64602e-310,4.64602e-310,0,[ ],[ ]
870,4.64602e-310,4.64602e-310,0,[ ],[ ]
871,4.64602e-310,4.64602e-310,0,[ ],[ ]
872,4.64602e-310,4.64602e-310,0,[ ],[ ]
873,4.64602e-310,4.64602e-310,0,[ ],[ ]
874,4.64602e-310,4.64602e-310,0,[ ],[ ]
875,4.64602e-310,4.64602e-310,0,[ ],[ ]
876,4.64602e-310,4.64602e-310,0,[ ],[ ]
877,4.64602e-310,4.64602e-310,0,[ ],[ ]
878,4.64602e-310,4.64602e-310,0,[ ],[ ]
879,4.64602e-310,4.64602e-310,0,[ ],[ ]
880,4.64602e-310,4.64602e-310,0,[ ],[ ]
881,4.64602e-310,4.64602e-310,0,[ ],[ ]
882,4.64602e-310,4.64602e-310,0,[ ],[ ]
883,4.64602e-310,4.64602e-310,0,[ ],[ ]
884,4.64602e-310,4.64602e-310,0,[ ],[ ]
885,4.64602e-310,4.64602e-310,0,[ ],[ ]
886,4.64602e-310,4.64602e-310,0,[ ],[ ]
887,4.64602e-310,4.64602e-310,0,[ ],[ ]
888,4.64602e-310,4.64602e-310,0,[ ],[ ]
889,4.64602e-310,4.64602e-310,0,[ ],[ ]
890,4.64602e-310,4.64602e-310,0,[ ],[ ]
891,4.64602e-310,4.64602e-310,0,[ ],[ ]
892,4.64602e-310,4.64602e-310,0,[ ],[ ]
893,4.64602e-310,4.64602e-310,0,[ ],[ ]
894,4.64602e-310,4.64602e-310,0,[ ],[ ]
895,4.64602e-310,4.64602e-310,0,[ ],[ ]
896,4.64602e-310,4.64602e-310,0,[ ],[ ]
897,4.64602e-310,4.64602e-310,0,[ ],[ ]
898,4.64602e-310,4.64602e-310,0,[ ],[ ]
899,4.64602e-310,4.64602e-310,0,[ ],[ ]
900,4.64602e-310,4.64602e-310,0,[ ],[ ]
901,4.64602e-310,4.64602e-310,0,[ ],[ ]
902,4.64602e-310,4.64602e-310,0,[ ],[ ]
903,4.64602e-310,4.64602e-310,0,[ ],[ ]
904,4.64602e-310,4.64602e-310,0,[ ],[ ]
905,4.64602e-310,4.64602e-310,0,[ ],[ ]
906,4.64602e-310,4.64602e-310,0,[ ],[ ]
907,4.64602e-310,4.64602e-310,0,[ ],[ ]
908,4.64602e-310,4.64602e-310,0,[ ],[ ]
909,4.64602e-310,4.64602e-310,0,[ ],[ ]
910,4.64602e-310,4.64602e-310,0,[ ],[ ]
911,4.64602e-310,4.64602e-310,0,[ ],[ ]
912,4.64602e-310,4.64602e-310,0,[ ],[ ]
913,4.64602e-310,4.64602e-310,0,[ ],[ ]
914,4.64602e-310,4.64602e-310,0,[ ],[ ]
915,4.64602e-310,4.64602e-310,0,[ ],[ ]
916,4.64602e-310,4.64602e-310,0,[ ],[ ]
917,4.64602e-310,4.64602e-310,0,[ ],[ ]
918,4.64602e-310,4.64602e-310,0,[ ],[ ]
919,4.64602e-310,4.64602e-310,0,[ ],[ ]
920,4.64602e-310,4.64602e-310,0,[ ],[ ]
921,4.64602e-310,4.64602e-310,0,[ ],[ ]
922,4.64602e-310,4.64602e-310,0,[ ],[ ]
923,4.64602e-310,4.64602e-310,0,[ ],[ ]
924,4.64602e-310,4.64602e-310,0,[ ],[ ]
925,4.64602e-310,4.64602e-310,0,[ ],[ ]
926,4.64602e-310,4.64602e-310,0,[ ],[ ]
927,4.64602e-310,4.64602e-310,0,[ ],[ ]
928,4.64602e-310,4.64602e-310,0,[ ],[ ]
929,4.64602e-310,4.64602e-310,0,[ ],[ ]
930,4.64602e-310,4.64602e-310,0,[ ],[ ]
931,4.64602e-310,4.64602e-310,0,[ ],[ ]
932,4.64602e-310,4.64602e-310,0,[ ],[ ]
933,4.64602e-310,4.64602e-310,0,[ ],[ ]
934,4.64602e-310,4.64602e-310,0,[ ],[ ]
935,4.64602e-310,4.64602e-310,0,[ ],[ ]
936,4.64602e-310,4.64602e-310,0,[ ],[ ]
937,4.64602e-310,4.64602e-310,0,[ ],[ ]
938,4.64602e-310,4.64602e-310,0,[ ],[ ]
939,4.64602e-310,4.64602e-310,0,[ ],[ ]
940,4.64602e-310,4.64602e-310,0,[ ],[ ]
941,4.64602e-310,4.64602e-310,0,[ ],[ ]
942,4.64602e-310,4.64602e-310,0,[ ],[ ]
943,4.64602e-310,4.64602e-310,0,[ ],[ ]
944,4.64602e-310,4.64602e-310,0,[ ],[ ]
945,4.64602e-310,4.64602e-310,0,[ ],[ ]
946,4.64602e-310,4.64602e-310,0,[ ],[ ]
947,4.64602e-310,4.64602e-310,0,[ ],[ ]
948,4.64602e-310,4.64602e-310,0,[ ],[ ]
949,4.64602e-310,4.64602e-310,0,[ ],[ ]
950,4.64602e-310,4.64602e-310,0,[ ],[ ]
951,4.64602e-310,4.64602e-310,0,[ ],[ ]
952,4.64602e-310,4.64602e-310,0,[ ],[ ]
953,4.64602e-310,4.64602e-310,0,[ ],[ ]
954,4.64602e-310,4.64602e-310,0,[ ],[ ]
955,4.64602e-310,4.64602e-310,0,[ ],[ ]
956,4.64602e-310,4.64602e-310,0,[ ],[ ]
957,4.64602e-310,4.64602e-310,0,[ ],[ ]
958,4.64602e-310,4.64602e-310,0,[ ],[ ]
959,4.64602e-310,4.64602e-310,0,[ ],[ ]
960,4.64602e-310,4.64602e-310,0,[ ],[ ]
961,4.64602e-310,4.64602e-310,0,[ ],[ ]
962,4.64602e-310,4.64602e-310,0,[ ],[ ]
963,4.64602e-310,4.64602e-310,0,[ ],[ ]
964,4.64602e-310,4.64602e-310,0,[ ],[ ]
965,4.64602e-310,4.64602e-310,0,[ ],[ ]
966,4.64602e-310,4.64602e-310,0,[ ],[ ]
967,4.64602e-310,4.64602e-310,0,[ ],[ ]
968,4.64602e-310,4.64602e-310,0,[ ],[ ]
969,4.64602e-310,4.64602e-310,0,[ ],[ ]
970,4.64602e-310,4.64602e-310,0,[ ],[ ]
971,4.64602e-310,4.64602e-310,0,[ ],[ ]
972,4.64602e-310,4.64602e-310,0,[ ],[ ]
973,4.64602e-310,4.64602e-310,0,[ ],[ ]
974,4.64602e-310,4.64602e-310,0,[ ],[ ]
975,4.64602e-310,4.64602e-310,0,[ ],[ ]
976,4.64602e-310,4.64602e-310,0,[ ],[ ]
977,4.64602e-310,4.64602e-310,0,[ ],[ ]
978,4.64602e-310,4.64602e-310,0,[ ],[ ]
979,4.64602e-310,4.64602e-310,0,[ ],[ ]
980,4.64602e-310,4.64602e-310,0,[ ],[ ]
981,4.64602e-310,4.64602e-310,0,[ ],[ ]
982,4.64602e-310,4.64602e-310,0,[ ],[ ]
983,4.64602e-310,4.64602e-310,0,[ ],[ ]
984,4.64602e-310,4.64602e-310,0,[ ],[ ]
985,4.64602e-310,4.64602e-310,0,[ ],[ ]
986,4.64602e-310,4.64602e-310,0,[ ],[ ]
987,4.64602e-310,4.64602e-310,0,[ ],[ ]
988,4.64602e-310,4.64602e-310,0,[ ],[ ]
989,4.64602e-310,4.64602e-310,0,[ ],[ ]
990,4.64602e-310,4.64602e-310,0,[ ],[ ]
991,4.64602e-310,4.64602e-310,0,[ ],[ ]
992,4.64602e-310,4.64602e-310,0,[ ],[ ]
993,4.64602e-310,4.64602e-310,0,[ ],[ ]
994,4.64602e-310,4.64602e-310,0,[ ],[ ]
995,4.64602e-310,4.64602e-310,0,[ ],[ ]
996,4.64602e-310,4.64602e-310,0,[ ],[ ]
997,4.64602e-310,4.64602e-310,0,[ ],[ ]
998,4.64602e-310,4.64602e-310,0,[ ],[ ]
999,4.64602e-310,4.64602e-310,0,[ ],[ ]
1000,4.64602e-310,4.64602e-310,0,[ ],[ ]
1001,4.64602e-310,4.64602e-310,0,[ ],[ ]
1002,4.64602e-310,4.64602e-310,0,[ ],[ ]
1003,4.64602e-310,4.64602e-310,0,[ ],[ ]
1004,4.64602e-310,4.64602e-310,0,[ ],[ ]
1005,4.64602e-310,4.64602e-310,0,[ ],[ ]
1006,4.64602e-310,4.64602e-310,0,[ ],[ ]
1007,4.64602e-310,4.64602e-310,0,[ ],[ ]
1008,4.64602e-310,4.64602e-310,0,[ ],[ ]
1009,4.64602e-310,4.64602e-310,0,[ ],[ ]
1010,4.64602e-310,4.64602e-310,0,[ ],[ ]
1011,4.64602e-310,4.64602e-310,0,[ ],[ ]
1012,4.64602e-310,4.64602e-310,0,[ ],[ ]
1013,4.64602e-310,4.64602e-310,0,[ ],[ ]
1014,4.64602e-310,4.64602e-310,0,[ ],[ ]
1015,4.64602e-310,4.64602e-310,0,[ ],[ ]
1016,4.64602e-310,4.64602e-310,0,[ ],[ ]
1017,4.64602e-310,4.64602e-310,0,[ ],[ ]
1018,4.64602e-310,4.64602e-310,0,[ ],[ ]
1019,4.64602e-310,4.64602e-310,0,[ ],[ ]
1020,4.64602e-310,4.64602e-310,0,[ ],[ ]
1021,4.64602e-310,4.64602e-310,0,[ ],[ ]
1022,4.64602e-310,4.64602e-310,0,[ ],[ ]
1023,4.64602e-310,4.64602e-310,0,[ ],[ ]
