id,d0,d1,distance_calculations,is_core,cluster_id
0,660.976,304.225,159,0,1
1,636.213,306.174,158,0,1
2,662.753,307.565,153,0,1
3,657.487,307.74,153,0,1
4,635.273,308.157,158,0,1
5,640.484,309.592,164,0,1
6,660.523,309.613,159,0,1
7,658.759,312.594,160,0,1
8,674.821,315.093,151,0,1
9,649.17,316.174,155,1,1
10,631.858,316.908,157,0,1
11,673.506,317.648,151,0,1
12,637.439,318.289,160,1,1
13,644.003,320.565,143,1,1
14,622.679,320.843,178,0,1
15,655.504,320.916,159,1,1
16,626.318,321.78,167,0,1
17,633.245,322.492,167,1,1
18,678.36,323.472,144,0,1
19,637.081,323.619,156,1,1
20,653.079,324.434,160,1,1
21,639.035,324.523,149,1,1
22,680.978,324.669,131,0,1
23,644.647,325.905,151,1,1
24,652.268,326.389,160,1,1
25,665.755,327.567,154,1,1
26,675.27,327.608,143,0,1
27,631.213,327.95,164,1,1
28,643.6,328.542,154,1,1
29,668.535,329.06,152,1,1
30,658.985,329.159,155,1,1
31,651.423,329.337,160,1,1
32,646.127,329.862,154,1,1
33,683.672,330.534,117,0,1
34,666.442,331.637,155,1,1
35,682.478,331.858,119,0,1
36,640.783,333.145,152,1,1
37,649.948,333.168,158,1,1
38,663.551,333.265,151,1,1
39,624.463,333.342,157,1,1
40,645.513,334.213,154,1,1
41,632.527,334.935,149,1,1
42,639.959,335.242,151,1,1
43,670.422,336.607,142,1,1
44,647.217,340.107,158,1,1
45,685.94,340.389,105,0,1
46,620.777,341.34,160,0,1
47,618.936,341.409,161,0,1
48,679.985,341.547,115,0,1
49,627.324,341.603,160,1,1
50,639.416,342.035,153,1,1
51,622.928,342.459,163,0,1
52,662.056,342.529,154,1,1
53,676.484,342.75,121,0,1
54,642.366,345.063,158,1,1
55,639.621,345.609,154,1,1
56,630.04,346.568,145,1,1
57,646.7,346.681,155,1,1
58,625.209,346.771,158,0,1
59,650.768,347.282,155,1,1
60,672.056,347.548,125,1,1
61,629.259,347.766,146,1,1
62,654.751,347.881,156,1,1
63,656.628,348.501,151,1,1
64,660.134,348.671,150,1,1
65,667.984,349.415,139,1,1
66,642.738,349.951,157,1,1
67,652.024,349.986,153,1,1
68,671.291,350.525,124,0,1
69,637.791,350.903,154,1,1
70,649.556,351.032,156,1,1
71,654.517,352.398,153,1,1
72,659.838,353.262,151,1,1
73,648.966,356.048,153,1,1
74,669.789,357.397,121,0,1
75,665.373,359.929,132,0,1
76,624.855,360.424,143,0,1
77,662.42,360.72,139,0,1
78,626.761,363.811,157,0,1
79,667.14,364.033,121,0,1
80,637.609,364.503,155,0,1
81,648.763,364.824,150,0,1
82,638.583,365.65,155,0,1
83,666.254,366.738,119,0,1
84,653.469,370.728,144,0,1
85,650.43,371.572,151,0,1
86,661.43,372.276,121,0,1
87,153.879,308.064,250,0,2
88,178.29,308.199,250,0,2
89,166.838,308.485,256,0,2
90,153.41,309.122,252,0,2
91,153.636,309.867,255,0,2
92,148.658,310.898,250,0,2
93,170.83,311.777,251,0,2
94,181.997,312.281,253,0,2
95,151.534,315.214,250,0,2
96,158.234,316.942,253,1,2
97,156.903,318.774,250,1,2
98,131.505,318.993,252,0,2
99,171.829,319.959,252,1,2
100,188.385,321.231,261,0,2
101,175.094,321.902,259,1,2
102,149.332,322.096,251,1,2
103,132.401,322.735,252,0,2
104,150.449,322.89,251,1,2
105,172.762,324.576,257,1,2
106,178.86,324.684,260,1,2
107,129.898,326.107,250,0,2
108,140.855,327.583,250,1,2
109,167.174,328.263,252,1,2
110,163.921,328.34,259,1,2
111,145.897,328.558,249,1,2
112,180.488,328.618,257,1,2
113,125.823,328.684,256,0,2
114,154.945,329.416,254,1,2
115,188.031,330.014,243,1,2
116,174.682,330.318,261,1,2
117,162.439,330.402,254,1,2
118,128.484,330.468,253,0,2
119,156.03,330.695,260,1,2
120,187.152,331.229,241,1,2
121,168.092,331.83,263,1,2
122,129.107,332.022,251,0,2
123,129.6,333.61,250,0,2
124,158.713,334.341,259,1,2
125,169.774,334.662,256,1,2
126,191.52,334.977,226,0,2
127,133.87,335.02,254,0,2
128,160.971,335.471,262,1,2
129,185.668,335.604,238,1,2
130,200.468,335.644,224,0,2
131,164.317,335.97,261,1,2
132,142.494,336.65,255,1,2
133,197.979,337.757,229,0,2
134,192.739,338.016,223,0,2
135,123.22,338.794,251,0,2
136,132.062,338.832,254,0,2
137,184.485,339.211,226,1,2
138,162.725,339.915,253,1,2
139,136.333,340.328,260,1,2
140,167.759,340.476,245,1,2
141,188.627,340.491,222,1,2
142,166.321,342.129,243,1,2
143,159.853,342.331,253,1,2
144,193.875,342.382,222,0,2
145,152.072,342.404,261,1,2
146,197.029,342.743,219,0,2
147,132.796,343.359,259,0,2
148,176.53,343.547,226,1,2
149,179.363,343.574,223,1,2
150,178.037,343.672,225,1,2
151,152.655,345.182,252,1,2
152,165.121,345.513,235,1,2
153,162.034,345.997,241,1,2
154,125.206,346.962,257,0,2
155,171.972,349.879,221,1,2
156,191.181,349.959,205,0,2
157,161.773,350.404,234,1,2
158,168.823,350.884,220,1,2
159,127.327,350.908,264,0,2
160,182.901,351.725,215,1,2
161,183.617,352.579,210,1,2
162,175.568,353.932,220,1,2
163,156.466,354.278,227,1,2
164,159.181,354.447,221,1,2
165,184.109,355.875,204,1,2
166,144.133,356.156,237,1,2
167,163.283,357.159,227,1,2
168,174.195,357.187,209,1,2
169,185.038,359.301,198,1,2
170,146.451,359.416,225,1,2
171,142.978,361.95,224,1,2
172,134.443,361.955,236,0,2
173,194.452,363.123,174,0,2
174,144.727,363.41,219,1,2
175,172.193,364.859,200,1,2
176,142.127,365.116,225,0,2
177,186.492,366.136,181,0,2
178,163.71,366.165,206,1,2
179,154.581,366.177,215,1,2
180,141.478,367.346,229,0,2
181,139.807,367.959,229,0,2
182,147.813,369.185,214,0,2
183,138.191,369.528,226,0,2
184,156.592,370.709,204,1,2
185,138.571,371.407,220,0,2
186,176.65,371.485,179,0,2
187,157.497,371.658,200,1,2
188,183.168,372.223,169,0,2
189,170.311,372.819,185,0,2
190,181.366,373.854,166,0,2
191,151.856,375.167,198,1,2
192,165.883,375.174,183,0,2
193,177.629,375.408,168,0,2
194,155.613,377.032,190,1,2
195,152.479,377.285,190,0,2
196,155.358,377.929,186,1,2
197,179.727,378.364,161,0,2
198,147.366,379.114,190,0,2
199,162.91,380.567,170,0,2
200,337.718,305.692,255,0,3
201,338.624,306.106,259,0,3
202,329.298,307.033,237,0,3
203,322.76,307.044,216,0,3
204,342.994,310.67,288,0,3
205,351.887,311.603,308,0,3
206,333.539,311.89,257,0,3
207,333.868,312.928,260,0,3
208,319.884,313.587,231,0,3
209,335.147,314.891,268,1,3
210,321.18,315.663,237,0,3
211,325.111,316.065,247,0,3
212,328.436,316.801,254,1,3
213,356.246,320.109,306,0,3
214,357.739,321.053,304,0,3
215,341.53,321.295,297,1,3
216,309.119,321.986,216,0,3
217,367.37,322.193,301,0,3
218,314.309,322.429,233,0,3
219,324.706,322.709,259,1,3
220,315.665,323.192,240,1,3
221,350.748,323.821,309,1,3
222,366.213,324.547,302,0,3
223,369.885,325.104,293,0,3
224,345.193,326.957,304,1,3
225,323.167,328.544,268,1,3
226,352.146,328.862,307,1,3
227,353.396,329.17,299,1,3
228,319.294,329.545,260,1,3
229,332.038,329.567,295,1,3
230,334.586,329.567,297,1,3
231,355.725,329.737,303,1,3
232,364.513,330.463,297,1,3
233,376.024,330.619,274,0,3
234,371.565,331.405,281,0,3
235,345.661,333.121,308,1,3
236,342.261,333.749,309,1,3
237,320.544,334.019,280,1,3
238,370.213,334.867,275,0,3
239,371.977,335.02,273,0,3
240,336.719,335.237,311,1,3
241,359.632,336.229,296,1,3
242,330.693,336.872,308,1,3
243,303.768,337.46,242,0,3
244,344.49,338.303,303,1,3
245,323.992,338.852,297,1,3
246,343.402,339.059,306,1,3
247,334.993,339.566,304,1,3
248,318.342,340.531,288,1,3
249,311.678,340.689,268,1,3
250,307.329,340.702,259,0,3
251,373.097,340.763,278,0,3
252,354.668,341.4,297,1,3
253,368.188,341.876,276,0,3
254,342.46,342.193,297,1,3
255,295.095,342.319,236,0,3
256,349.378,342.593,300,1,3
257,331.047,343.179,303,1,3
258,304.788,343.217,259,0,3
259,306.04,344.25,261,0,3
260,371.168,345.096,277,0,3
261,300.119,345.111,252,0,3
262,357.02,345.129,286,1,3
263,318.411,345.202,296,1,3
264,310.511,345.281,283,1,3
265,312.171,345.928,286,1,3
266,338.189,348.672,304,1,3
267,312.98,349.579,295,1,3
268,361.789,349.989,275,0,3
269,328.638,350.035,310,1,3
270,301.754,350.545,268,0,3
271,336.078,350.882,304,1,3
272,340.122,351.188,299,1,3
273,349.132,351.455,288,1,3
274,361.162,352.626,277,0,3
275,316.539,353.64,310,1,3
276,327.318,353.692,307,1,3
277,316.021,354.83,310,1,3
278,368.832,354.848,275,0,3
279,362.763,354.907,277,0,3
280,338.883,358.015,295,1,3
281,326.846,358.512,298,1,3
282,365.499,359.163,276,0,3
283,341.805,361.755,286,1,3
284,309.967,361.84,311,1,3
285,337.131,362.059,296,1,3
286,330.765,363.646,301,1,3
287,308.677,364.606,308,0,3
288,304.473,365.008,311,0,3
289,309.395,365.09,304,0,3
290,314.833,365.398,308,1,3
291,308.096,366.369,304,0,3
292,346.037,366.652,277,0,3
293,339.705,367.928,278,0,3
294,317.885,368.544,302,0,3
295,340.258,369.252,276,0,3
296,343.329,369.994,275,0,3
297,347.617,370.365,277,0,3
298,315.049,372.453,304,0,3
299,351.49,372.812,277,0,3
300,321.703,372.978,302,0,3
301,327.576,373.535,288,1,3
302,313.86,374.769,304,0,3
303,358.554,376.035,262,0,3
304,345.291,376.266,273,0,3
305,322.171,376.74,295,0,3
306,331.361,377.574,274,0,3
307,349.633,380.861,274,0,3
308,326.059,381.239,278,0,3
309,321.474,383.121,282,0,3
310,465.741,40.127,298,0,4
311,482.456,41.754,275,0,4
312,477.011,43.279,275,0,4
313,476.6,45.718,277,0,4
314,488.985,46.419,275,0,4
315,490.389,46.649,274,0,4
316,459.989,48.062,302,0,4
317,451.672,48.477,305,0,4
318,447.604,51.804,311,0,4
319,456.12,52.193,304,1,4
320,447.401,52.68,312,0,4
321,489.694,53.469,272,0,4
322,489.323,53.989,275,0,4
323,474.738,54.167,275,1,4
324,468.284,54.237,294,1,4
325,487.319,54.287,278,1,4
326,478.584,54.568,277,1,4
327,517.589,55.822,262,0,4
328,490.101,56.147,273,1,4
329,516.314,56.174,257,0,4
330,453.824,56.455,307,1,4
331,464.638,57.017,301,1,4
332,445.339,57.294,306,0,4
333,507.47,57.687,255,1,4
334,480.505,59.468,278,1,4
335,454.31,59.578,306,1,4
336,446.989,60.668,312,1,4
337,520.495,60.697,262,0,4
338,457.219,61.058,302,1,4
339,501.55,61.489,262,1,4
340,508.426,61.924,259,1,4
341,447.115,62.044,312,1,4
342,442.165,62.166,296,0,4
343,498.974,62.522,271,1,4
344,463.971,62.675,301,1,4
345,519.726,64.114,261,0,4
346,467.813,64.479,294,1,4
347,509.907,64.625,259,1,4
348,515.12,66.087,256,0,4
349,485.224,67.012,279,1,4
350,452.837,67.247,310,1,4
351,502.674,67.575,259,1,4
352,523.466,67.773,258,1,4
353,488.187,67.923,275,1,4
354,504.803,68.302,257,1,4
355,466.572,68.819,296,1,4
356,461.595,69.35,296,1,4
357,473.674,69.556,276,1,4
358,431.04,69.589,257,0,4
359,456.452,70.104,303,1,4
360,450.642,70.156,304,1,4
361,500.674,70.16,261,1,4
362,494.982,70.178,264,1,4
363,512.411,71.274,259,1,4
364,461.568,72.37,298,1,4
365,504.405,73.147,257,1,4
366,449.195,73.234,307,1,4
367,524.047,73.32,254,1,4
368,444.002,73.804,301,1,4
369,503.446,73.822,258,1,4
370,490.326,74.669,268,1,4
371,444.186,74.773,306,1,4
372,443.042,75.007,297,1,4
373,476.081,75.411,276,1,4
374,443.575,75.477,301,1,4
375,516.205,77.533,261,1,4
376,484.653,78.147,277,1,4
377,455.329,78.197,303,1,4
378,459.305,78.72,301,1,4
379,495.572,78.745,266,1,4
380,425.956,78.906,244,0,4
381,526.738,80.445,248,0,4
382,528.601,80.789,248,0,4
383,493.7,81.478,264,1,4
384,470.216,82.183,284,0,4
385,471.17,82.281,284,0,4
386,477.29,82.318,277,0,4
387,536.043,82.472,242,0,4
388,529.99,82.646,241,0,4
389,441.622,82.712,296,1,4
390,482.255,82.785,272,0,4
391,488.474,83.054,274,0,4
392,474.061,83.219,274,0,4
393,531.936,83.234,241,0,4
394,513.167,84.628,256,1,4
395,494.467,84.637,267,0,4
396,535.227,85.103,240,0,4
397,529.089,85.565,241,0,4
398,456.32,85.624,297,0,4
399,518.369,85.695,261,1,4
400,511.716,85.906,255,1,4
401,492.166,86.233,262,0,4
402,448.946,86.545,304,0,4
403,432.501,87.168,268,0,4
404,525.191,87.662,249,0,4
405,497.048,88.247,271,0,4
406,525.932,88.422,248,0,4
407,437.223,89.016,290,0,4
408,429.847,89.107,259,0,4
409,521.958,89.828,257,0,4
410,517.274,90.571,262,0,4
411,537.606,91.828,244,0,4
412,436.353,91.968,284,0,4
413,506.119,92.784,259,0,4
414,527.511,93.643,246,0,4
415,424.294,97.509,248,0,4
416,441.896,97.95,306,0,4
417,436.16,99.51,291,0,4
418,434.226,100.897,288,0,4
419,444.57,101.574,311,0,4
420,428.855,108.992,264,0,5
421,438.753,110.45,297,0,5
422,429.191,112.407,269,0,5
423,437,112.594,297,0,5
424,438.797,115.729,302,0,5
425,421.602,117.717,250,0,5
426,439.119,119.693,308,1,5
427,437.638,120.246,301,1,5
428,445.168,121.036,310,0,5
429,423.173,123.604,255,1,5
430,426.709,125.924,268,1,5
431,428.665,126.795,283,1,5
432,419.133,127.199,248,0,5
433,435.422,127.915,297,1,5
434,445.818,130.619,308,1,5
435,441.056,131.792,304,1,5
436,449.75,132.161,302,0,5
437,436.787,132.524,308,1,5
438,423.113,133.675,260,1,5
439,439.334,133.911,310,1,5
440,423.694,134.56,263,1,5
441,420.737,134.844,255,1,5
442,433.38,135.975,297,1,5
443,427.845,139.381,285,1,5
444,455.69,139.93,296,0,5
445,433.728,140.543,303,1,5
446,427.535,140.842,285,1,5
447,440.13,142.847,307,1,5
448,422.181,143.794,268,1,5
449,432.792,143.799,301,1,5
450,425.758,144.367,288,1,5
451,469.419,144.455,280,0,5
452,435.55,145.395,310,1,5
453,431.419,145.755,297,1,5
454,451.224,145.775,300,1,5
455,440.408,146.542,308,1,5
456,431.209,147.043,298,1,5
457,440.541,147.443,310,1,5
458,429.476,147.655,297,1,5
459,457.738,147.949,289,1,5
460,462.197,148.753,276,1,5
461,458.784,148.79,286,1,5
462,435.104,150.564,311,1,5
463,481.596,150.747,262,1,5
464,470.742,151.028,272,1,5
465,475.537,151.384,277,1,5
466,486.403,152.427,270,1,5
467,479.218,153.336,267,1,5
468,442.739,153.699,305,1,5
469,468.571,154.661,275,1,5
470,487.203,155.054,265,1,5
471,491.499,155.056,258,0,5
472,469.035,155.808,273,1,5
473,492.554,156.945,254,0,5
474,493.331,157.034,255,0,5
475,450.257,157.572,298,1,5
476,430.442,157.874,309,0,5
477,486.966,158.69,262,1,5
478,431.691,161.683,310,0,5
479,475.063,162.051,274,1,5
480,505.503,162.45,261,0,5
481,453.361,162.676,288,1,5
482,485.405,162.724,263,1,5
483,450.017,162.982,295,1,5
484,467.237,163.015,273,1,5
485,444.988,163.518,299,1,5
486,446.606,163.869,300,1,5
487,504.016,164.453,264,0,5
488,483.317,164.96,271,1,5
489,460.405,165.011,275,1,5
490,454.607,165.491,285,1,5
491,448.598,166.01,296,1,5
492,490.836,166.186,255,1,5
493,474.385,166.211,273,1,5
494,452.446,166.814,288,1,5
495,448.289,168.177,297,0,5
496,485.908,168.301,259,1,5
497,460.684,168.549,275,1,5
498,473.044,169.3,274,1,5
499,463.544,169.773,276,1,5
500,441.254,169.819,302,0,5
501,478.121,170.152,266,1,5
502,472.289,170.258,272,1,5
503,456.744,170.562,274,1,5
504,506.497,171.391,258,0,5
505,458.455,171.723,275,1,5
506,480.952,172.104,270,1,5
507,471.724,172.447,272,1,5
508,462.369,172.691,280,1,5
509,462.699,176.173,276,1,5
510,499.357,177.083,265,0,5
511,497.729,179.01,260,0,5
512,476.852,179.141,266,0,5
513,482.757,180.824,259,0,5
514,497.288,116.862,258,0,6
515,504.684,118.564,259,0,6
516,500.45,118.781,256,0,6
517,512.501,118.822,265,0,6
518,515.358,119.685,261,1,6
519,506.057,119.873,260,0,6
520,551.669,119.94,220,0,6
521,513.607,120.024,262,1,6
522,542.261,121.323,233,0,6
523,503.533,123.134,259,0,6
524,538.449,123.666,239,0,6
525,506.288,123.926,260,0,6
526,532.535,124.963,243,0,6
527,535.374,124.987,243,0,6
528,536.336,125.359,242,0,6
529,541.956,125.614,232,0,6
530,504.129,126.134,260,0,6
531,499.386,126.144,255,0,6
532,498.238,126.197,256,0,6
533,510.951,126.254,266,1,6
534,523.702,126.337,241,1,6
535,492.24,127.167,267,0,6
536,533.889,127.493,242,1,6
537,516.126,127.973,259,1,6
538,494.99,128.921,260,0,6
539,556.017,129.036,195,0,6
540,532.113,131.972,244,1,6
541,534.042,133.423,242,1,6
542,509.416,134.11,265,1,6
543,535.72,134.304,238,1,6
544,514.408,135.016,260,1,6
545,493.319,135.26,259,0,5
546,520.422,137.28,250,1,6
547,527.298,137.36,239,1,6
548,524.935,138.144,239,1,6
549,521.854,138.206,240,1,6
550,550.427,140.703,213,1,6
551,510.183,142.282,261,1,6
552,548.844,142.901,220,1,6
553,516.698,142.955,252,0,6
554,528.705,144.861,243,1,6
555,575.8,145.081,177,0,6
556,528.51,145.594,243,1,6
557,525.507,146.165,240,0,6
558,549.351,147.794,213,1,6
559,528.385,149.093,243,0,6
560,574.776,149.666,177,0,6
561,564.062,150.091,187,1,6
562,569.252,150.45,187,0,6
563,580.529,152.58,160,0,6
564,555.511,152.813,196,1,6
565,543.797,153.217,223,1,6
566,523.439,153.221,241,0,6
567,577.096,153.561,169,0,6
568,557.155,153.821,195,1,6
569,540.728,154.218,229,0,6
570,567.029,155.564,186,1,6
571,535,155.746,236,1,6
572,554.604,156.498,198,1,6
573,553.231,157.644,196,1,6
574,565.622,159.177,189,1,6
575,552.675,160.487,196,1,6
576,551.34,161.382,192,1,6
577,552.228,161.539,197,1,6
578,565.391,162.42,186,1,6
579,551.871,163.963,196,1,6
580,561.421,166.072,186,1,6
581,549.795,166.147,189,1,6
582,563.976,166.47,189,1,6
583,557.805,167.451,193,1,6
584,559.049,168.661,190,1,6
585,550.489,169.343,197,1,6
586,563.571,171.008,186,1,6
587,565.895,174.816,185,1,6
588,578.552,176.176,166,0,6
589,558.492,176.966,186,1,6
590,558.076,183.121,186,1,6
591,572.341,183.795,163,0,6
592,548.741,185.141,196,1,6
593,571.997,185.255,163,0,6
594,571.288,186.591,163,0,6
595,568.308,189.231,169,0,6
596,554.133,189.464,191,1,6
597,568.75,190.522,170,0,6
598,574.234,191.904,166,0,6
599,560.184,192.29,186,1,6
600,554.855,194.481,187,1,6
601,545.792,198.292,196,1,6
602,573.339,199.37,165,0,6
603,560.626,201.339,179,1,6
604,484.479,201.808,260,0,6
605,544.398,202.037,196,1,6
606,546.15,202.697,193,1,6
607,544.523,203.247,195,1,6
608,557.549,203.253,185,1,6
609,496.092,204.783,260,0,6
610,545.515,205.062,193,1,6
611,552.079,205.232,186,1,6
612,556.428,205.593,186,1,6
613,480.224,206.366,259,0,6
614,554.335,206.42,187,1,6
615,569.615,206.821,165,0,6
616,549.936,207.559,186,1,6
617,476.785,207.988,257,0,6
618,540.551,208.51,199,1,6
619,570.595,208.906,164,0,6
620,501.173,209.049,250,0,6
621,471.001,209.154,263,0,6
622,553.659,209.159,187,1,6
623,484.712,209.501,254,0,6
624,474.655,209.547,257,0,6
625,570.022,209.903,166,0,6
626,497.611,211.97,252,0,6
627,537.191,211.979,189,1,6
628,476.159,213.082,255,0,6
629,529.146,213.374,221,1,6
630,530.331,213.716,220,1,6
631,560.98,214.079,170,1,6
632,562.351,214.13,166,1,6
633,564.375,214.272,162,1,6
634,487.013,214.471,261,1,6
635,487.71,214.871,265,1,6
636,458.4,214.958,273,0,6
637,520.077,215.482,232,0,6
638,547.348,216.15,187,1,6
639,514.639,216.942,235,0,6
640,568.922,217.769,169,0,6
641,537.99,217.917,195,1,6
642,466.888,218.478,267,0,6
643,533.306,218.951,198,1,6
644,464.185,218.974,270,0,6
645,547.947,218.987,186,1,6
646,543.334,219.389,195,1,6
647,475.069,220.2,260,0,6
648,496.267,220.2,248,1,6
649,537.621,221.068,196,1,6
650,548.078,221.696,186,1,6
651,479.44,221.889,259,1,6
652,526.415,221.976,220,1,6
653,469.176,222.122,258,0,6
654,493.109,222.595,252,1,6
655,504.879,223.245,242,1,6
656,472.424,223.374,255,0,6
657,508.167,224.352,243,1,6
658,501.681,224.604,238,1,6
659,498.585,224.761,240,1,6
660,491.164,225.738,253,1,6
661,558.66,226.102,166,0,6
662,518.744,226.107,226,1,6
663,485.69,226.433,261,1,6
664,505.801,227.197,243,1,6
665,517.547,227.273,228,1,6
666,532.845,227.692,195,1,6
667,511.198,229.151,239,1,6
668,505.328,229.27,244,1,6
669,477.532,230.323,256,1,6
670,559.487,230.512,160,0,6
671,534.237,231.182,196,1,6
672,555.919,231.33,169,0,6
673,496.519,231.653,243,1,6
674,545.041,233.072,186,1,6
675,539.702,233.506,192,1,6
676,484.317,233.798,265,1,6
677,546.902,233.832,186,0,6
678,517.963,234.854,228,1,6
679,484.92,235.709,258,1,6
680,531.058,235.723,198,1,6
681,530.053,235.845,195,1,6
682,473.185,235.903,260,0,6
683,503.429,236.263,243,1,6
684,518.412,236.544,222,1,6
685,490.594,237.163,250,1,6
686,528.082,237.987,189,1,6
687,506.602,239.498,239,1,6
688,530.871,239.966,196,1,6
689,489.75,242.396,246,0,6
690,551.065,242.547,168,0,6
691,495.831,242.586,241,1,6
692,482.31,243.418,257,0,6
693,519.888,244.016,217,1,6
694,524.336,245.015,194,1,6
695,485.006,245.823,248,0,6
696,489.089,246.34,240,0,6
697,502.585,246.657,236,1,6
698,507.542,247.408,232,1,6
699,528.185,247.661,197,1,6
700,538.825,248.077,188,0,6
701,508.916,248.813,227,0,6
702,512.989,248.855,224,1,6
703,523.074,250.801,189,0,6
704,534.594,252.169,186,0,6
705,540.102,252.257,186,0,6
706,519.289,252.735,204,0,6
707,522.247,253.701,194,0,6
708,520.838,254.256,195,0,6
709,541.399,254.555,183,0,6
710,524.593,254.965,197,0,6
711,517.344,255.757,208,0,6
712,94.842,135.204,155,0,7
713,109.321,138.094,147,0,7
714,71.813,138.206,112,0,7
715,320.843,138.228,260,0,0
716,61.427,138.457,102,0,7
717,142.07,138.726,135,0,7
718,50.861,138.893,93,0,7
719,140.837,139.146,136,0,7
720,194.828,139.209,109,0,7
721,203.609,139.329,114,0,7
722,49.89,139.351,93,0,7
723,168.274,139.703,117,0,7
724,200.698,139.846,114,0,7
725,90.066,139.88,156,0,7
726,188.524,139.94,114,0,7
727,125.125,139.991,154,0,7
728,37.458,140.053,85,0,7
729,249.584,140.167,231,0,7
730,258.339,140.262,251,0,7
731,53.696,140.333,98,0,7
732,306.48,140.395,253,0,7
733,47.454,140.403,93,0,7
734,230.524,140.512,157,0,7
735,201.416,140.704,117,0,7
736,304.199,140.746,254,0,7
737,246.043,140.806,232,1,7
738,219.616,140.885,130,0,7
739,225.11,140.915,146,0,7
740,95.795,141.152,148,0,7
741,67.96,141.335,114,0,7
742,296.662,141.432,253,0,7
743,270.289,141.447,267,0,7
744,326.361,141.649,260,0,0
745,62.999,141.875,109,0,7
746,172.605,141.876,114,1,7
747,315.501,142.003,252,0,7
748,316.762,142.555,255,0,7
749,216.062,142.694,136,1,7
750,328.929,142.844,255,0,0
751,32.099,143.035,87,0,7
752,227.643,143.225,152,1,7
753,126.689,144.081,150,0,7
754,238.139,144.096,204,1,7
755,70.308,144.133,126,1,7
756,246.255,144.218,232,1,7
757,107.021,144.256,158,1,7
758,312.559,144.434,253,0,7
759,75.993,144.485,143,1,7
760,189.235,144.589,107,1,7
761,219.131,144.7,133,1,7
762,97.647,144.72,149,1,7
763,146.461,144.838,117,0,7
764,190.41,144.839,109,1,7
765,57.351,144.958,109,0,7
766,268.271,144.971,267,1,7
767,133.514,145.516,144,0,7
768,307.888,145.591,251,0,7
769,115.795,145.864,157,0,7
770,174.845,146.047,113,1,7
771,159.347,146.43,114,1,7
772,301.09,146.564,255,0,7
773,58.445,146.64,113,1,7
774,331.061,146.707,244,0,0
775,239.572,146.801,223,1,7
776,109.938,146.879,159,1,7
777,289.436,146.915,249,1,7
778,304.081,146.92,254,0,7
779,257.549,146.929,256,1,7
780,27.887,146.941,95,0,7
781,157.097,147.095,116,1,7
782,262.925,147.195,260,1,7
783,217.515,147.199,128,1,7
784,292.568,147.238,250,1,7
785,259.314,147.327,258,1,7
786,63.973,147.393,126,1,7
787,193.748,147.43,114,1,7
788,294.172,147.603,252,1,7
789,148.916,147.787,112,0,7
790,40.381,148.068,101,0,7
791,60.351,148.181,123,1,7
792,228.218,148.267,157,1,7
793,207.832,148.335,125,1,7
794,298.229,148.537,252,0,7
795,245.657,148.563,230,1,7
796,181.293,148.633,114,1,7
797,196.535,148.652,117,1,7
798,256.303,148.66,253,1,7
799,56.551,148.808,120,1,7
800,225.579,148.841,154,1,7
801,281.54,148.927,261,1,7
802,110.273,148.951,160,1,7
803,121.658,148.967,151,0,7
804,236.113,149.196,203,1,7
805,161.89,149.204,117,1,7
806,261.679,149.472,255,1,7
807,223.041,149.482,148,1,7
808,176.219,149.932,111,1,7
809,22.172,150.049,100,0,7
810,156.89,150.131,113,1,7
811,253.999,150.452,251,1,7
812,39.912,150.513,106,0,7
813,59.9,150.54,133,1,7
814,180.844,150.826,114,1,7
815,277.317,150.914,272,1,7
816,232.394,151.075,198,1,7
817,205.088,151.435,128,1,7
818,90.808,151.571,150,1,7
819,154.971,151.627,116,1,7
820,192.115,151.814,116,1,7
821,99.609,151.894,155,1,7
822,113.923,152.089,153,1,7
823,24.271,152.193,103,0,7
824,330.341,152.564,241,0,7
825,143.626,152.655,113,1,7
826,247.596,152.793,246,1,7
827,93.42,153.068,150,1,7
828,72.448,153.101,153,1,7
829,145.683,153.144,113,1,7
830,152.194,153.153,114,1,7
831,280.463,153.158,263,1,7
832,66.712,153.17,149,1,7
833,76.828,153.21,148,1,7
834,273.534,153.242,261,1,7
835,126.953,153.559,138,1,7
836,252.93,154.284,251,1,7
837,117.094,154.336,150,1,7
838,210.203,154.483,135,1,7
839,191.668,154.569,115,1,7
840,251.432,154.587,249,1,7
841,202.124,154.646,126,1,7
842,19.034,154.732,107,0,7
843,162.761,154.815,110,1,7
844,286.909,154.986,247,1,7
845,89.297,155.491,148,1,7
846,127.743,155.523,135,1,7
847,83.227,155.623,149,1,7
848,120.241,155.652,147,1,7
849,79.75,156.732,148,1,7
850,174.166,156.988,113,1,7
851,211.441,157.206,127,1,7
852,164.988,157.222,114,1,7
853,184.554,157.526,110,1,7
854,95.504,157.555,156,1,7
855,165.92,157.885,115,1,7
856,243.305,157.964,241,1,7
857,274.408,158.305,271,1,7
858,144.545,158.753,113,1,7
859,84.786,158.792,149,1,7
860,73.251,159.11,154,1,7
861,276.99,159.135,262,1,7
862,149.609,159.203,114,1,7
863,171.963,159.266,113,1,7
864,330.64,159.323,237,0,7
865,240.497,159.38,230,1,7
866,251.23,159.384,252,1,7
867,178.892,159.417,106,1,7
868,177.496,159.542,113,1,7
869,266.97,159.699,263,1,7
870,101.082,159.803,157,1,7
871,209.678,159.871,129,1,7
872,185.582,159.981,113,1,7
873,169.867,160.045,111,1,7
874,220.62,160.152,157,1,7
875,277.894,160.226,261,1,7
876,23.197,160.374,126,1,7
877,86.835,161.038,155,1,7
878,175.183,161.289,115,1,7
879,328.328,161.379,240,0,7
880,288.797,161.383,253,1,7
881,66.93,161.463,152,1,7
882,295.836,161.686,253,1,7
883,65.527,161.731,148,1,7
884,275.188,161.732,266,1,7
885,74.236,161.736,149,1,7
886,215.083,161.737,148,1,7
887,147.042,161.861,113,1,7
888,310.583,161.993,259,1,7
889,87.458,162.044,155,1,7
890,294.989,162.163,255,1,7
891,31.56,162.172,143,1,7
892,299.158,162.312,250,1,7
893,160.061,162.919,112,1,7
894,83.795,163.025,155,1,7
895,19.915,163.184,142,0,7
896,279.12,163.332,254,1,7
897,20.411,163.543,143,0,7
898,269.677,163.544,263,1,7
899,30.176,163.656,145,1,7
900,248.384,163.702,251,1,7
901,224.269,164.092,187,1,7
902,112.369,164.192,148,1,7
903,103.293,164.521,150,1,7
904,105.712,164.575,151,1,7
905,55.529,164.776,148,1,7
906,300.213,164.849,250,1,7
907,183.048,165.25,115,1,7
908,36.666,165.398,154,1,7
909,41.62,165.417,155,1,7
910,168.941,165.506,113,1,7
911,313.889,165.633,259,1,7
912,314.564,165.723,260,1,7
913,278.524,165.991,252,1,7
914,39.332,166.041,155,1,7
915,100.396,166.044,152,1,7
916,77.896,166.356,155,1,7
917,102.608,166.439,150,1,7
918,305.676,166.653,254,1,7
919,272.427,166.829,269,1,7
920,319.508,166.976,256,0,7
921,130.608,166.997,113,1,7
922,161.047,167.032,114,1,7
923,213.04,167.189,146,1,7
924,123.855,167.463,115,1,7
925,284.233,167.729,249,1,7
926,85.372,167.791,160,1,7
927,166.915,167.804,114,1,7
928,119.7,167.848,122,1,7
929,235.718,168.427,231,1,7
930,133.021,168.507,114,1,7
931,24.745,168.548,156,1,7
932,254.791,168.611,262,1,7
933,181.949,168.674,114,1,7
934,194.43,168.704,127,1,7
935,101.668,168.905,147,1,7
936,104.872,169.065,147,1,7
937,173.335,169.134,108,1,7
938,68.68,169.236,152,1,7
939,118.06,169.279,122,1,7
940,77.167,169.545,160,1,7
941,26.532,169.671,150,1,7
942,251.972,170.086,259,1,7
943,32.81,170.112,148,1,7
944,234.843,170.407,232,0,7
945,96.634,170.521,150,1,7
946,324.884,170.819,239,0,7
947,66.539,170.91,155,1,7
948,273.787,171.163,253,1,7
949,82.642,171.22,157,1,7
950,265.086,171.24,261,1,7
951,230.897,171.483,231,0,7
952,106.233,171.58,141,1,7
953,139.788,171.6,115,1,7
954,217.068,171.64,168,0,7
955,114.928,171.689,121,1,7
956,108.138,171.709,137,1,7
957,112.928,171.78,126,1,7
958,199.887,171.887,132,1,7
959,182.587,172.145,115,1,7
960,69.475,172.23,155,1,7
961,309.285,172.272,252,0,7
962,307.254,172.284,258,1,7
963,46.272,172.561,149,1,7
964,195.63,172.617,127,1,7
965,233.965,172.782,236,0,7
966,153.13,172.988,115,1,7
967,282.677,173.005,250,1,7
968,18.067,173.055,148,0,7
969,283.147,173.368,252,1,7
970,178.034,173.382,115,1,7
971,58.823,173.444,152,1,7
972,302.004,173.47,254,1,7
973,131.722,173.659,113,0,7
974,38.006,173.67,148,1,7
975,189.678,173.883,126,1,7
976,80.212,173.904,156,1,7
977,286.007,174.036,253,1,7
978,186.873,174.213,128,1,7
979,327.86,174.334,227,0,7
980,293.698,174.443,250,1,7
981,207.339,174.492,149,0,7
982,323.582,174.63,237,0,7
983,103.201,174.763,137,1,7
984,24.943,175.09,151,1,7
985,38.696,175.224,149,1,7
986,176.647,175.237,115,1,7
987,183.559,175.462,120,1,7
988,104.347,175.611,136,1,7
989,132.259,175.665,117,0,7
990,67.553,175.725,161,1,7
991,185.129,175.734,126,1,7
992,190.988,175.787,129,1,7
993,158.27,175.847,112,1,7
994,250.355,175.979,260,0,7
995,73.792,175.984,157,1,7
996,112.797,176.117,116,1,7
997,137.028,176.21,116,0,7
998,244.466,176.288,258,0,7
999,163.388,176.343,113,1,7
1000,35.236,176.364,150,1,7
1001,308.914,176.455,259,0,7
1002,142.814,176.485,113,0,7
1003,148.332,176.609,114,0,7
1004,329.534,176.617,220,0,7
1005,88.706,176.685,151,1,7
1006,260.121,176.7,260,0,7
1007,118.736,176.804,114,1,7
1008,175.481,176.817,114,1,7
1009,256.751,176.849,270,0,7
1010,42.662,176.909,147,1,7
1011,28.355,177.212,149,1,7
1012,65.886,177.319,160,1,7
1013,55.027,177.406,155,1,7
1014,150.243,177.473,113,0,7
1015,210.645,177.815,156,0,7
1016,167.605,177.919,108,1,7
1017,108.602,178.091,119,0,7
1018,322.717,178.234,235,0,7
1019,177.36,178.535,117,1,7
1020,331.754,178.868,223,0,7
1021,72.114,179.025,153,0,7
1022,27.104,179.199,149,1,7
1023,237.357,179.362,250,0,7
1024,173.638,179.555,115,1,7
1025,137.962,179.734,111,0,7
1026,64.779,180.357,158,0,7
1027,206.37,180.453,153,0,7
1028,303.585,180.629,259,0,7
1029,212.71,180.665,184,0,7
1030,316.479,180.696,247,0,7
1031,247.264,180.768,259,0,7
1032,45.317,181.056,155,1,7
1033,322.878,181.177,237,0,7
1034,240.801,181.178,256,0,7
1035,21.409,181.389,150,0,7
1036,44.414,181.393,155,1,7
1037,198.941,181.503,142,0,7
1038,326.889,181.568,223,0,7
1039,52.622,181.916,158,1,7
1040,30.773,182.051,158,1,7
1041,318.323,182.643,241,0,7
1042,94.303,182.798,133,0,7
1043,29.242,182.931,155,1,7
1044,321.85,182.94,239,0,7
1045,195.157,182.953,129,0,7
1046,33.045,182.992,156,1,7
1047,135.319,182.999,111,0,7
1048,153.696,183.013,112,0,7
1049,205.884,183.193,157,0,7
1050,44.019,183.254,160,1,7
1051,33.585,183.373,155,1,7
1052,283.707,183.686,250,0,7
1053,36.257,183.698,156,1,7
1054,271.821,185.621,249,0,7
1055,234.864,244.592,251,0,8
1056,287.437,244.7,233,0,8
1057,216.497,244.797,270,0,8
1058,260.292,244.799,254,0,8
1059,205.094,245.336,264,0,8
1060,274.302,245.444,256,0,8
1061,296.97,246.026,221,0,8
1062,242.848,246.187,253,0,8
1063,217.482,246.361,264,0,8
1064,214.916,246.544,270,0,8
1065,266.91,247.372,258,1,8
1066,299.132,247.988,210,0,8
1067,282.77,248.761,237,0,8
1068,191.475,248.979,262,0,8
1069,250.737,248.985,252,1,8
1070,291.683,249.094,222,0,8
1071,221.889,249.484,255,0,8
1072,221.515,249.913,255,0,8
1073,168.784,250.097,245,0,8
1074,358.137,250.268,199,0,8
1075,248.197,250.671,247,1,8
1076,215.53,250.902,257,0,8
1077,376.398,251.574,260,0,8
1078,256.128,251.643,259,1,8
1079,145.695,252.222,203,0,8
1080,167.272,252.347,246,0,8
1081,377.884,252.614,266,0,8
1082,336.336,252.815,144,0,8
1083,235.478,252.983,254,1,8
1084,276.248,253.026,240,1,8
1085,321.801,253.264,161,0,8
1086,164.143,253.348,245,0,8
1087,276.824,253.898,236,1,8
1088,183.845,254.069,259,1,8
1089,142.206,254.367,203,0,8
1090,151.415,254.811,231,1,8
1091,164.9,255.039,249,0,8
1092,322.522,255.481,154,0,8
1093,172.022,255.744,252,1,8
1094,329.826,256.269,140,1,8
1095,216.782,256.393,248,1,8
1096,233.173,256.487,254,1,8
1097,341.166,256.49,156,1,8
1098,199.059,256.774,261,1,8
1099,176.248,256.856,257,1,8
1100,246.211,257.004,255,1,8
1101,304.116,257.178,191,1,8
1102,261.033,257.946,261,1,8
1103,168.283,257.95,251,1,8
1104,241.386,257.955,248,1,8
1105,238.388,258.167,249,1,8
1106,166.854,258.216,251,1,8
1107,261.802,258.219,260,1,8
1108,328.027,258.385,141,1,8
1109,267.79,258.546,247,1,8
1110,210.807,258.753,254,1,8
1111,335.855,258.797,148,1,8
1112,240.766,258.826,246,1,8
1113,268.65,258.927,244,1,8
1114,132.612,258.952,202,0,8
1115,133.285,258.973,203,0,8
1116,195.841,259.09,258,1,8
1117,120.182,259.236,161,0,8
1118,195.446,259.275,257,1,8
1119,195.223,259.303,258,1,8
1120,286.976,259.335,222,1,8
1121,370.524,259.581,256,1,8
1122,247.657,259.677,255,1,8
1123,340.544,259.696,151,1,8
1124,223.795,259.78,254,1,8
1125,259.062,259.847,263,1,8
1126,358.721,259.912,221,1,8
1127,295.301,259.998,205,1,8
1128,181.985,260.158,267,1,8
1129,309.232,260.38,175,1,8
1130,280.259,260.382,221,1,8
1131,143.269,260.419,232,1,8
1132,367.715,261.151,252,1,8
1133,257.052,261.209,264,1,8
1134,359.908,261.221,233,1,8
1135,333.562,261.296,145,1,8
1136,306.803,261.514,178,1,8
1137,361.204,261.708,237,1,8
1138,354.164,261.749,205,1,8
1139,124.82,261.864,198,0,8
1140,347.83,261.914,190,1,8
1141,368.397,262.058,254,1,8
1142,288.914,262.231,209,1,8
1143,276.933,262.471,224,1,8
1144,235.676,262.61,249,1,8
1145,153.31,262.628,249,1,8
1146,151.888,262.644,246,1,8
1147,262.705,262.756,254,1,8
1148,253.724,263.118,259,1,8
1149,369.972,263.249,259,1,8
1150,138.854,263.312,231,1,8
1151,202.992,263.397,255,1,8
1152,255.164,263.433,264,1,8
1153,179.044,263.445,267,1,8
1154,226.697,263.483,254,1,8
1155,269.569,264.229,239,1,8
1156,176.638,264.276,267,1,8
1157,188.112,264.32,259,1,8
1158,119.521,264.342,198,0,8
1159,131.309,264.388,225,1,8
1160,108.035,264.541,158,0,8
1161,348.729,264.691,199,1,8
1162,206.131,264.749,251,1,8
1163,267.293,264.964,236,1,8
1164,241.117,265.01,251,1,8
1165,310.351,265.14,166,1,8
1166,250.162,265.481,258,1,8
1167,362.335,265.582,245,1,8
1168,358.437,265.584,234,1,8
1169,285.917,265.773,209,1,8
1170,155.432,265.779,250,1,8
1171,141.203,265.822,236,1,8
1172,217.099,265.994,253,1,8
1173,261.649,266.026,247,1,8
1174,181.108,266.237,263,1,8
1175,105.735,266.323,162,0,8
1176,112.038,266.481,186,0,8
1177,397.022,266.483,302,0,8
1178,321.053,266.501,146,1,8
1179,153.756,266.591,250,1,8
1180,175.147,267.035,263,1,8
1181,236.075,267.568,255,1,8
1182,365.962,267.834,259,1,8
1183,350.352,267.841,205,1,8
1184,314.474,267.889,153,1,8
1185,386.85,268.208,310,0,8
1186,161.21,268.239,255,1,8
1187,401.392,268.271,298,0,8
1188,346.266,268.386,199,1,8
1189,348.104,268.693,204,1,8
1190,271.358,269.107,224,1,8
1191,294.125,269.208,189,1,8
1192,184.243,269.275,263,1,8
1193,234.124,269.3,253,1,8
1194,347.027,269.484,205,1,8
1195,162.837,269.797,259,1,8
1196,220.961,269.839,255,1,8
1197,364.302,270.024,256,1,8
1198,331.139,270.079,153,1,8
1199,116.118,270.099,215,0,8
1200,116.917,270.293,218,0,8
1201,229.713,270.555,249,1,8
1202,229.983,270.753,252,1,8
1203,238.567,270.766,260,1,8
1204,274.811,270.851,225,1,8
1205,185.068,270.968,271,1,8
1206,284.224,270.97,206,1,8
1207,354.042,271.24,232,1,8
1208,205.727,271.55,248,1,8
1209,323.592,271.776,143,1,8
1210,345.636,271.783,204,1,8
1211,184.201,271.984,272,1,8
1212,328.682,272.08,150,1,8
1213,316.09,272.295,146,1,8
1214,189.263,272.365,261,1,8
1215,385.32,272.6,304,1,8
1216,347.378,272.672,206,1,8
1217,107.208,272.741,203,0,8
1218,159.461,272.871,260,1,8
1219,365.041,272.918,262,1,8
1220,231.64,272.95,254,1,8
1221,299.952,273.015,172,0,8
1222,412.013,273.039,278,0,8
1223,332.842,273.049,150,1,8
1224,111.92,273.059,223,1,8
1225,146.538,273.415,255,1,8
1226,307.841,273.426,161,0,8
1227,372.834,273.842,291,1,8
1228,193.835,273.965,252,1,8
1229,392.026,274.041,302,0,8
1230,222.816,274.215,250,1,8
1231,144.324,274.262,252,1,8
1232,242.165,274.344,259,1,8
1233,302.042,274.351,167,1,8
1234,362.578,274.592,260,1,8
1235,231.177,274.619,252,1,8
1236,278.387,274.685,209,1,8
1237,233.675,274.728,255,1,8
1238,103.443,275.113,210,0,8
1239,184.803,275.142,261,1,8
1240,393.87,275.359,304,0,8
1241,400.79,275.553,298,0,8
1242,221.329,275.558,250,1,8
1243,298.289,275.669,172,0,8
1244,374.334,275.758,296,1,8
1245,144.611,275.853,255,1,8
1246,332.076,275.981,162,1,8
1247,268.136,276.218,222,0,8
1248,326.374,276.345,153,1,8
1249,292.513,276.386,187,1,8
1250,297.682,277.079,169,0,8
1251,113.75,277.192,232,1,8
1252,147.492,277.268,255,1,8
1253,331.537,277.279,165,1,8
1254,377.427,277.387,310,1,8
1255,235.603,277.481,254,1,8
1256,243.231,277.59,260,1,8
1257,239.251,277.642,260,1,8
1258,294.783,277.717,174,1,8
1259,302.474,277.981,162,1,8
1260,282.085,277.982,203,1,8
1261,196.392,278.01,255,1,8
1262,177.292,278.063,273,1,8
1263,345.278,278.078,216,1,8
1264,109.286,278.229,231,1,8
1265,356.119,278.468,249,1,8
1266,357.73,278.505,254,1,8
1267,423.625,278.606,276,0,8
1268,136.73,278.689,253,1,8
1269,78.93,278.739,185,0,8
1270,432.592,278.896,263,0,8
1271,259.719,278.912,227,1,8
1272,286.788,278.92,191,0,8
1273,322.884,278.954,151,0,8
1274,211.168,279.157,256,0,8
1275,179.18,279.618,261,1,8
1276,268.326,279.856,225,0,8
1277,171.561,280.03,268,1,8
1278,138.141,280.041,258,1,8
1279,208.478,280.366,254,0,8
1280,186.663,280.399,254,1,8
1281,164.522,280.68,261,1,8
1282,59.41,280.906,161,0,8
1283,348.208,281.281,237,1,8
1284,273.862,281.305,210,0,8
1285,239.767,281.313,263,0,8
1286,223.403,281.412,254,0,8
1287,143.917,281.565,259,1,8
1288,191.103,281.635,250,1,8
1289,295.399,281.74,169,0,8
1290,425.464,281.741,273,0,8
1291,137.137,281.848,256,0,8
1292,188.508,282.094,247,1,8
1293,154.368,282.101,269,0,8
1294,366.112,282.204,291,1,8
1295,241.73,282.281,254,0,8
1296,207.249,282.409,256,0,8
1297,342.771,282.611,216,1,8
1298,108.523,282.87,239,1,8
1299,134.019,282.918,258,0,8
1300,73.189,283.025,200,0,8
1301,313.93,283.078,144,0,8
1302,94.959,283.585,232,1,8
1303,194.718,283.682,255,0,8
1304,193.331,283.738,254,0,8
1305,194.154,283.746,255,0,8
1306,66.523,283.799,198,0,8
1307,179.837,284.052,254,0,8
1308,87.172,284.134,229,0,8
1309,402.773,284.218,284,1,8
1310,95.734,284.532,232,1,8
1311,329.706,284.713,183,0,8
1312,421.923,284.761,276,0,8
1313,66.209,284.821,200,0,8
1314,147.831,285.022,264,1,8
1315,352.346,285.392,252,1,8
1316,418.201,285.682,278,1,8
1317,410.708,285.972,277,1,8
1318,407.996,286.008,276,1,8
1319,97.786,286.274,236,0,8
1320,105.21,286.344,246,1,8
1321,142.503,286.624,267,0,8
1322,394.864,286.816,295,1,8
1323,397.475,286.913,289,1,8
1324,406.111,287.297,277,1,8
1325,369.137,287.411,306,0,8
1326,128.558,287.806,257,1,8
1327,396.145,287.85,294,1,8
1328,319.44,287.986,154,0,8
1329,159.764,288.052,270,0,8
1330,345.851,288.391,241,1,8
1331,125.152,288.588,255,0,8
1332,61.673,288.598,215,0,8
1333,78.621,288.802,233,1,8
1334,130.534,288.951,259,0,8
1335,133.453,289.02,263,0,8
1336,52.622,289.037,203,1,8
1337,386.608,289.194,303,1,8
1338,378.179,289.508,305,1,8
1339,432.953,289.514,266,0,8
1340,111.583,289.604,251,1,8
1341,122.856,289.844,254,0,8
1342,96.347,289.895,246,0,8
1343,401.966,290.358,275,1,8
1344,148.248,290.486,261,0,8
1345,399.667,290.504,283,1,8
1346,355.627,290.567,277,0,8
1347,373.491,290.722,304,0,8
1348,156.122,290.744,272,0,8
1349,404.151,290.877,274,1,8
1350,43.668,291.399,211,0,8
1351,352.804,291.482,268,0,8
1352,62.382,291.554,230,1,8
1353,364.163,291.906,297,0,8
1354,102.177,292.04,247,0,8
1355,106.176,292.456,252,0,8
1356,423.479,292.576,263,1,8
1357,434.548,292.794,258,0,8
1358,109.868,292.862,256,0,8
1359,414.844,292.891,276,1,8
1360,411.84,293.004,274,1,8
1361,413.243,293.071,282,1,8
1362,57.86,293.158,230,1,8
1363,100.433,293.333,250,0,8
1364,60.88,293.369,232,1,8
1365,72.174,293.497,230,1,8
1366,431.476,293.868,261,1,8
1367,390.64,293.958,296,1,8
1368,375.155,294.645,306,0,8
1369,453.706,295.165,261,0,8
1370,92.286,295.358,247,0,8
1371,453.35,295.523,263,0,8
1372,409.412,296.241,273,1,8
1373,119.815,296.545,264,0,8
1374,109.014,297.536,259,0,8
1375,388.662,297.954,297,1,8
1376,443.069,298.013,254,0,8
1377,389.945,298.199,288,1,8
1378,58.091,298.559,242,1,8
1379,34.687,298.645,232,0,8
1380,50.432,299.391,238,1,8
1381,376.1,299.845,298,0,8
1382,43.395,300.136,237,1,8
1383,81.753,300.599,252,1,8
1384,408.577,300.765,278,1,8
1385,394.307,300.814,280,1,8
1386,397.963,301.312,275,1,8
1387,84.687,301.617,255,0,8
1388,22.648,301.845,236,0,8
1389,389.74,301.868,284,0,8
1390,30.152,302.263,240,0,8
1391,71.044,302.361,251,1,8
1392,95.351,302.391,257,0,8
1393,89.502,302.506,255,0,8
1394,69.746,302.796,251,1,8
1395,411.323,303.126,275,1,8
1396,407.588,303.313,277,1,8
1397,36.368,303.323,246,1,8
1398,461.43,303.426,240,0,8
1399,439.555,303.691,255,1,8
1400,414.359,303.901,268,1,8
1401,47.073,304.217,246,1,8
1402,63.546,304.552,250,1,8
1403,44.926,305.39,247,1,8
1404,51.622,306.263,250,1,8
1405,433.531,306.699,259,1,8
1406,57.161,306.967,255,1,8
1407,430.586,307.041,255,1,8
1408,403.957,307.223,281,1,8
1409,58.693,307.798,255,1,8
1410,86.84,307.898,264,0,8
1411,403.135,307.952,281,1,8
1412,54.973,308.618,257,1,8
1413,52.016,308.647,254,1,8
1414,62.335,308.819,256,1,8
1415,401.52,309.01,274,1,8
1416,38.483,309.053,251,1,8
1417,420.457,309.085,265,1,8
1418,456.877,309.287,240,0,8
1419,456.952,309.309,241,0,8
1420,51.381,309.339,257,1,8
1421,457.56,309.871,240,0,8
1422,436.883,310.057,256,1,8
1423,21.981,310.181,251,0,8
1424,21.398,310.923,253,0,8
1425,35.471,311.366,257,1,8
1426,432.437,311.366,260,1,8
1427,21.128,311.598,256,0,8
1428,423.895,311.641,259,1,8
1429,438.943,311.816,262,1,8
1430,64.802,311.944,258,1,8
1431,442.157,311.945,261,1,8
1432,452.978,312.366,250,1,8
1433,79.41,312.385,269,0,8
1434,447.133,312.509,255,1,8
1435,19.871,312.744,257,0,8
1436,441.051,313.418,261,1,8
1437,50.113,313.644,259,1,8
1438,459.358,313.731,240,0,8
1439,58.391,314.439,264,1,8
1440,416.987,314.997,266,1,8
1441,444.98,315.303,257,1,8
1442,427.267,315.886,258,1,8
1443,25.722,315.903,255,1,8
1444,36.154,316.095,259,1,8
1445,28.931,316.146,258,1,8
1446,449.315,316.324,248,1,8
1447,18.401,316.506,259,0,8
1448,419.095,316.961,259,1,8
1449,39.297,317.421,264,1,8
1450,466.399,317.743,237,0,8
1451,421.674,319.72,256,1,8
1452,435.218,321.225,264,1,8
1453,54.469,321.346,266,1,8
1454,476.266,321.411,226,0,8
1455,421.076,321.448,255,0,8
1456,54.068,321.808,262,1,8
1457,37.482,321.958,269,1,8
1458,61.027,322.163,261,0,8
1459,47.348,322.24,263,1,8
1460,435.536,322.356,261,1,8
1461,52.415,322.429,263,1,8
1462,424.367,323.119,259,0,8
1463,28.518,323.886,266,1,8
1464,40.202,324.015,263,1,8
1465,430.045,324.215,260,1,8
1466,47.988,324.866,260,1,8
1467,34.948,325.1,262,1,8
1468,33.205,325.15,263,1,8
1469,458.212,325.358,243,1,8
1470,25.605,325.391,262,1,8
1471,456.158,326.245,243,1,8
1472,467.677,326.964,233,0,8
1473,47.826,327.783,268,1,8
1474,438.462,328.804,253,1,8
1475,429.271,329.775,263,1,8
1476,478.2,329.863,210,0,8
1477,37.153,330.001,272,1,8
1478,23.087,331.747,271,1,8
1479,462.812,333.131,232,0,8
1480,450.655,334.172,243,1,8
1481,7.798,335.318,263,0,8
1482,19.35,335.468,262,1,8
1483,464.485,335.525,227,0,8
1484,12.362,336.383,253,0,8
1485,435.936,336.962,250,0,8
1486,474.028,337.023,209,0,8
1487,26.63,338.016,254,1,8
1488,43.022,338.1,250,1,8
1489,481.873,338.631,197,0,8
1490,8.743,338.975,252,0,8
1491,41.099,339.342,250,1,8
1492,475.227,339.598,198,0,8
1493,18.12,339.686,250,0,8
1494,16.05,340.187,248,0,8
1495,440.528,341.442,238,1,8
1496,45.626,342.268,249,0,8
1497,464.897,343.644,222,0,8
1498,465.009,343.714,222,0,8
1499,24.172,343.841,250,1,8
1500,13.156,344.062,251,0,8
1501,16.346,344.69,248,0,8
1502,461.818,344.828,223,1,8
1503,441.551,345.23,244,0,8
1504,49.718,345.273,254,0,8
1505,10.583,345.6,250,0,8
1506,434.374,345.867,243,0,8
1507,41.708,347.081,252,0,8
1508,435.825,347.081,240,0,8
1509,433.06,348.892,242,1,8
1510,473.169,349.682,199,0,8
1511,29.856,350.191,250,1,8
1512,35.786,350.472,254,0,8
1513,450.58,350.598,231,1,8
1514,431.13,350.641,242,0,8
1515,32.469,350.818,254,1,8
1516,447.728,352.005,237,1,8
1517,46.813,352.385,253,0,8
1518,446.941,352.849,238,1,8
1519,452.782,353.004,227,1,8
1520,446.78,353.006,238,1,8
1521,467.267,353.183,195,1,8
1522,479.124,353.347,192,0,8
1523,55.947,353.436,251,0,8
1524,14.524,353.603,255,0,8
1525,40.931,354.262,250,0,8
1526,24.811,355.822,250,0,8
1527,429.494,355.828,239,0,8
1528,443.649,356.951,239,1,8
1529,36.016,357.015,251,0,8
1530,444.773,357.025,235,1,8
1531,476.866,358.237,191,0,8
1532,18.972,358.39,249,0,8
1533,447.278,359.067,228,1,8
1534,440.322,359.597,239,1,8
1535,445.592,359.608,233,1,8
1536,27.594,360.195,254,0,8
1537,427.076,360.605,240,0,8
1538,460.865,360.605,199,1,8
1539,62.738,361.133,255,0,8
1540,448.514,361.48,228,1,8
1541,472.407,362.644,193,0,8
1542,30.845,362.74,253,0,8
1543,442.663,363.271,233,1,8
1544,11.956,364.116,252,0,8
1545,474.53,364.429,187,0,8
1546,471.83,366.58,186,0,8
1547,425.996,367.085,244,1,8
1548,450.208,367.423,220,1,8
1549,463.023,367.791,195,1,8
1550,422.702,368.899,240,0,8
1551,39.715,368.951,257,1,8
1552,459.782,369.416,196,1,8
1553,63.116,369.837,260,0,8
1554,465.469,369.922,193,1,8
1555,468.761,370.088,189,0,8
1556,75.864,370.152,252,0,8
1557,424.841,370.183,243,1,8
1558,56.519,370.269,263,0,8
1559,17.142,370.489,259,0,8
1560,449.539,370.556,213,1,8
1561,53.734,371.545,262,0,8
1562,455.02,371.707,189,1,8
1563,451.784,372.544,202,1,8
1564,463.597,372.888,193,1,8
1565,470.532,373.245,186,0,8
1566,53.113,373.63,255,1,8
1567,75.981,373.892,244,1,8
1568,26.442,375.309,260,0,8
1569,446.385,375.791,213,1,8
1570,420.762,375.909,244,1,8
1571,405.21,376.181,248,0,8
1572,444.529,376.501,217,1,8
1573,49.221,376.644,249,0,8
1574,458.636,376.864,194,1,8
1575,446.2,376.875,208,1,8
1576,72.552,377.098,238,1,8
1577,27.995,377.312,253,0,8
1578,37.978,377.388,253,0,8
1579,68.11,377.472,240,1,8
1580,444.084,377.758,213,1,8
1581,431.754,378.545,230,1,8
1582,437.278,378.593,223,1,8
1583,45.921,378.705,244,0,8
1584,438.268,378.901,223,1,8
1585,433.499,379.803,229,1,8
1586,457.91,379.863,195,1,8
1587,85.698,380.122,221,1,8
1588,70.221,380.266,236,1,8
1589,91.282,381.058,220,1,8
1590,81.266,381.555,222,1,8
1591,392.807,381.579,264,0,8
1592,399.774,381.619,247,0,8
1593,396.336,382.252,254,1,8
1594,55.135,382.346,235,1,8
1595,59.946,382.474,234,1,8
1596,398.408,383.121,247,1,8
1597,48.354,383.203,235,1,8
1598,98.302,383.25,222,0,8
1599,98.906,383.296,220,0,8
1600,94.322,383.477,226,1,8
1601,449.901,383.51,197,1,8
1602,426.936,383.646,233,1,8
1603,32.217,383.8,239,0,8
1604,71.897,384.142,220,1,8
1605,35.171,384.492,235,0,8
1606,437.593,384.646,218,1,8
1607,418.134,384.903,236,1,8
1608,439.894,385.014,209,1,8
1609,66.915,385.652,220,1,8
1610,435.048,385.943,220,1,8
1611,452.215,385.959,193,1,8
1612,395.719,386.118,247,1,8
1613,74.33,386.576,224,1,8
1614,65.754,386.654,220,1,8
1615,74.614,386.659,225,1,8
1616,381.522,386.891,261,0,8
1617,386.21,386.943,264,1,8
1618,382.863,386.952,265,0,8
1619,29.363,386.997,227,0,8
1620,33.847,387.077,226,0,8
1621,103.896,387.175,205,1,8
1622,77.671,387.262,226,1,8
1623,427.456,388.137,229,1,8
1624,92.832,388.358,210,1,8
1625,101.558,388.536,204,1,8
1626,380.181,389.217,265,1,8
1627,52.869,389.467,224,1,8
1628,436.547,389.647,208,1,8
1629,395.41,390.354,248,1,8
1630,436.104,390.371,208,1,8
1631,368.282,390.461,259,0,8
1632,67.756,390.925,219,1,8
1633,435.992,391.306,206,1,8
1634,433.946,391.346,213,1,8
1635,437.983,392.456,194,1,8
1636,67.603,392.698,214,1,8
1637,43.805,392.703,225,0,8
1638,387.72,392.743,253,1,8
1639,75.721,392.82,210,1,8
1640,91.755,392.94,203,1,8
1641,84.958,392.993,207,1,8
1642,350.834,393.015,267,0,8
1643,412.508,393.212,239,1,8
1644,448.146,393.502,194,1,8
1645,94.032,393.635,200,1,8
1646,421.458,393.757,227,1,8
1647,399.452,393.855,240,1,8
1648,85.894,394.246,203,1,8
1649,76.829,394.409,204,1,8
1650,420.05,394.812,226,1,8
1651,31.469,394.823,220,0,8
1652,48.814,394.997,218,1,8
1653,88.208,395.247,199,1,8
1654,377.197,395.342,261,1,8
1655,99.782,395.363,190,1,8
1656,114.505,395.536,180,1,8
1657,131.893,395.601,164,0,8
1658,424.151,396.003,223,1,8
1659,428.045,396.207,218,1,8
1660,64.925,396.343,205,1,8
1661,382.259,396.419,256,1,8
1662,400.564,396.719,243,1,8
1663,338.582,397.027,263,0,9
1664,420.547,397.059,228,1,8
1665,113.269,397.283,175,1,8
1666,111.269,397.428,179,1,8
1667,361.969,397.622,259,0,8
1668,380.704,397.84,257,1,8
1669,118.64,397.862,170,1,8
1670,65.474,397.864,203,1,8
1671,149.382,398.016,145,0,2
1672,357.426,398.042,258,0,8
1673,83.199,398.172,195,1,8
1674,351.375,398.205,258,0,8
1675,383.83,398.269,249,1,8
1676,409.073,398.274,240,1,8
1677,116.504,398.588,171,1,8
1678,410.204,399.163,237,1,8
1679,110.656,399.239,173,1,8
1680,319.2,399.345,274,1,9
1681,375.708,399.624,265,1,8
1682,115.02,399.69,172,1,8
1683,79.99,399.942,190,1,8
1684,60.61,399.962,201,1,8
1685,117.998,400.035,165,1,8
1686,165.375,400.069,144,0,8
1687,64.08,400.093,199,1,8
1688,111.713,400.172,170,1,8
1689,406.533,400.324,241,1,8
1690,156.759,400.334,143,0,2
1691,64.368,400.932,198,1,8
1692,389.044,400.936,243,1,8
1693,324.707,401.197,277,1,9
1694,53.383,401.396,199,0,8
1695,384.84,401.565,248,1,8
1696,172.728,401.743,157,0,8
1697,157.021,401.853,144,0,8
1698,343.209,401.875,260,0,8
1699,388.29,402.187,243,1,8
1700,135.45,402.325,148,1,8
1701,407.202,402.33,238,1,8
1702,78.412,402.465,185,1,8
1703,296.567,402.621,285,1,9
1704,117.548,402.827,160,1,8
1705,276.546,403.014,302,0,9
1706,119.355,403.016,161,1,8
1707,427.567,403.036,199,0,8
1708,237.441,403.141,282,0,8
1709,171.03,403.242,154,0,8
1710,94.776,403.431,172,1,8
1711,400.29,403.583,243,1,8
1712,364.009,403.632,260,1,8
1713,216.281,403.738,241,0,8
1714,69.344,403.834,185,1,8
1715,394.043,403.837,243,1,8
1716,228.186,404.266,260,0,8
1717,127.521,404.302,149,1,8
1718,291.202,404.565,288,1,9
1719,390.223,404.643,241,1,8
1720,183.113,404.72,188,0,8
1721,263.353,404.726,309,0,9
1722,300.303,404.822,274,1,9
1723,123.494,404.996,151,1,8
1724,335.635,405.027,267,0,9
1725,343.935,405.111,258,0,8
1726,92.976,405.224,170,1,8
1727,305.999,405.251,278,1,9
1728,390.917,405.78,241,1,8
1729,302.855,405.923,276,1,9
1730,87.612,405.967,170,1,8
1731,303.317,405.982,274,1,9
1732,167.863,406.165,150,0,8
1733,120.956,406.173,150,1,8
1734,305.291,406.215,277,1,9
1735,270.593,406.391,297,1,9
1736,169.89,406.627,161,1,8
1737,126.54,406.846,146,1,8
1738,153.452,406.889,149,0,8
1739,195.68,407.109,214,0,8
1740,89.24,407.149,166,1,8
1741,305.034,407.174,279,1,9
1742,63.834,407.371,181,0,8
1743,301.158,407.389,275,1,9
1744,304.714,407.514,281,1,9
1745,405.399,407.597,232,0,8
1746,208.884,407.714,241,1,8
1747,232.737,408.015,287,0,8
1748,275.488,408.147,298,1,9
1749,287.802,408.291,289,1,9
1750,318.68,408.54,272,1,9
1751,228.677,408.656,282,0,8
1752,135.582,408.736,143,1,8
1753,191.883,408.816,211,1,8
1754,255.725,408.868,307,0,9
1755,73.7,408.875,171,1,8
1756,82.104,408.895,166,1,8
1757,130.995,408.988,142,1,8
1758,209.892,409.092,248,1,8
1759,227.285,409.217,281,0,8
1760,70.635,409.332,170,0,8
1761,266.255,409.427,298,0,9
1762,135.223,409.595,144,1,8
1763,160.665,409.705,151,1,8
1764,320.522,409.815,268,1,9
1765,90.167,410.206,161,1,8
1766,213.1,410.277,254,1,8
1767,138.504,410.321,143,1,8
1768,281.102,410.354,298,1,9
1769,284.847,410.361,288,1,9
1770,226.241,410.568,283,0,8
1771,107.758,410.612,150,1,8
1772,178.291,410.675,195,1,8
1773,209.163,410.84,250,1,8
1774,158.839,410.947,155,1,8
1775,351.67,410.951,256,0,8
1776,363.075,411.015,263,1,8
1777,415.817,411.583,213,0,8
1778,229.033,411.662,291,0,8
1779,336.566,411.77,258,1,9
1780,285.446,411.998,283,1,9
1781,260.778,412.067,302,0,9
1782,327.692,412.193,269,1,9
1783,341.677,412.277,255,0,8
1784,257.165,412.331,307,0,9
1785,102.502,412.379,148,1,8
1786,380.025,412.558,239,1,8
1787,279.12,412.833,288,1,9
1788,152.226,412.855,150,1,8
1789,403.768,412.856,226,0,8
1790,257.718,412.965,304,0,9
1791,367.371,413.262,253,1,8
1792,283.121,413.349,286,1,9
1793,169.409,413.67,195,1,8
1794,190.529,413.784,232,1,8
1795,190.273,413.899,232,1,8
1796,271.932,414.035,299,1,9
1797,95.789,414.043,148,1,8
1798,197.375,414.109,240,1,8
1799,109.047,414.293,141,1,8
1800,381.669,414.33,239,1,8
1801,315.492,414.358,268,1,9
1802,197.753,414.381,242,1,8
1803,221.842,414.473,287,1,8
1804,253.467,414.664,307,0,9
1805,139.782,415.115,156,1,8
1806,129.748,415.173,149,1,8
1807,383.414,415.2,244,1,8
1808,197.434,415.202,245,1,8
1809,269.046,415.209,301,1,9
1810,124.115,415.262,143,1,8
1811,80.432,415.289,152,1,8
1812,190.811,415.4,238,1,8
1813,220.093,415.472,287,1,8
1814,237.711,415.537,310,0,8
1815,264.897,415.572,298,1,9
1816,407.023,415.673,223,0,8
1817,295.996,415.991,280,1,9
1818,97.247,416.01,145,1,8
1819,315.275,416.778,262,1,9
1820,151.172,417.074,175,1,8
1821,118.479,417.095,144,1,8
1822,188.836,417.103,240,1,8
1823,281.86,417.163,280,1,9
1824,199.862,417.181,254,1,8
1825,295.567,417.203,278,1,9
1826,207.787,417.346,269,1,8
1827,188.622,417.373,240,1,8
1828,353.395,417.424,264,0,8
1829,258.27,417.529,301,1,9
1830,106.041,417.726,143,1,8
1831,308.96,417.742,274,1,9
1832,211.704,417.878,281,1,8
1833,173.589,417.888,216,1,8
1834,104.555,418.093,143,1,8
1835,335.207,418.16,256,1,9
1836,112.874,418.188,143,1,8
1837,354.632,418.37,262,0,8
1838,125.739,418.416,151,1,8
1839,234.507,418.468,311,0,8
1840,310.619,418.775,267,1,9
1841,387.325,418.898,236,0,8
1842,325.105,419.289,262,1,9
1843,382.581,419.315,243,0,8
1844,271.513,419.377,288,1,9
1845,212.78,419.444,287,1,8
1846,377.046,419.455,240,0,8
1847,140.49,419.932,173,1,8
1848,218.959,420.131,294,1,8
1849,317.028,420.228,271,1,9
1850,254.704,420.249,301,0,9
1851,309.1,420.443,265,1,9
1852,173.306,420.526,226,1,8
1853,92.599,420.669,144,0,8
1854,337.386,421.004,259,1,9
1855,134.898,421.141,170,1,8
1856,314.054,421.248,267,1,9
1857,154.881,421.634,202,1,8
1858,349.701,421.652,260,0,8
1859,201.895,421.718,274,1,8
1860,166.255,421.931,215,1,8
1861,378.984,422.004,245,0,8
1862,371.817,422.008,239,0,8
1863,99.406,422.288,145,0,8
1864,196.673,422.573,264,1,8
1865,330.035,422.856,257,1,9
1866,316.572,423.484,266,1,9
1867,118.361,423.503,151,1,8
1868,175.443,423.556,241,1,8
1869,283.699,423.558,281,1,9
1870,279.992,423.596,276,1,9
1871,212.343,423.602,295,1,8
1872,185.609,423.917,251,1,8
1873,366.829,424.024,242,0,8
1874,129.466,424.13,174,1,8
1875,218.038,424.521,307,1,8
1876,363.769,424.607,241,0,8
1877,338.379,424.652,257,0,9
1878,176.376,424.839,244,1,8
1879,271.134,424.855,281,1,9
1880,120.665,425.106,162,1,8
1881,311.792,425.296,269,1,9
1882,97.952,425.347,150,0,8
1883,297.329,425.654,272,1,9
1884,313,425.869,269,1,9
1885,340.875,426.126,261,0,9
1886,245.642,426.362,304,0,9
1887,319.669,426.467,257,1,9
1888,126.147,426.478,182,0,8
1889,293.242,426.633,277,1,9
1890,375.438,426.635,240,0,8
1891,175.931,426.949,249,1,8
1892,170.395,427.14,242,1,8
1893,281.535,427.357,278,1,9
1894,207.034,427.407,297,1,8
1895,137.681,427.607,201,1,8
1896,152.751,427.649,223,1,8
1897,150.81,427.675,216,1,8
1898,114.123,427.772,170,0,8
1899,200.928,427.941,290,1,8
1900,200.511,427.955,290,1,8
1901,287.307,428.207,278,1,9
1902,210.663,428.231,306,1,8
1903,128.275,428.488,193,0,8
1904,175.522,428.597,254,1,8
1905,186.077,429.118,274,1,8
1906,179.995,429.387,260,1,8
1907,321.488,429.445,255,1,9
1908,163.642,429.528,241,1,8
1909,205.247,429.563,297,1,8
1910,171.426,429.853,252,1,8
1911,177.699,430.005,260,1,8
1912,198.463,430.006,292,1,8
1913,158.042,430.115,237,1,8
1914,312.424,430.181,260,1,9
1915,251.255,430.57,298,0,9
1916,344.933,431.301,258,0,9
1917,277.793,431.339,274,1,9
1918,317.931,431.572,255,1,9
1919,134.386,431.874,209,0,8
1920,262.219,432.229,274,0,9
1921,173.95,432.248,261,1,8
1922,337.756,432.272,261,0,9
1923,157.268,432.455,242,1,8
1924,325.985,432.681,259,1,9
1925,309.701,432.849,259,1,9
1926,149.632,433.107,237,0,8
1927,219.665,434.107,309,0,8
1928,150.417,434.508,240,0,8
1929,264.571,434.546,276,0,9
1930,160.359,434.736,254,0,8
1931,272.937,434.785,273,1,9
1932,270.371,434.949,277,0,9
1933,322.39,435.133,261,1,9
1934,289.899,435.177,263,0,9
1935,225.679,435.41,300,0,8
1936,303.837,435.479,262,1,9
1937,206.045,436.023,306,1,8
1938,188.361,436.104,297,1,8
1939,169.052,436.336,271,1,8
1940,325.641,436.469,256,0,9
1941,265.566,436.524,277,0,9
1942,230.877,436.569,298,0,8
1943,264.409,436.615,279,0,9
1944,171.919,436.719,280,1,8
1945,293.566,436.723,267,0,9
1946,193.055,436.953,306,1,8
1947,213.511,437.019,307,0,8
1948,192.08,437.213,306,1,8
1949,183.244,437.523,294,1,8
1950,228.015,438.665,300,0,8
1951,288.79,438.928,266,0,9
1952,258.736,439.333,277,0,9
1953,297.477,439.6,262,0,9
1954,203.887,440.687,308,0,8
1955,298.536,440.791,259,0,9
1956,243.962,440.814,283,0,0
1957,238.526,441.593,284,0,0
1958,251.937,442.055,276,0,9
1959,200.09,442.546,308,0,8
1960,272.275,445.758,268,0,9
1961,216.038,64.569,108,0,10
1962,259.969,68.072,210,0,10
1963,226.852,68.191,118,0,10
1964,126.801,68.228,135,0,10
1965,190.483,68.481,113,0,10
1966,47.035,68.538,38,0,10
1967,309.29,68.687,249,0,10
1968,231.062,68.763,125,0,10
1969,133.637,68.782,155,0,10
1970,121.143,68.878,112,0,10
1971,54.094,68.93,47,0,10
1972,113.246,69.092,96,0,10
1973,217.701,69.131,108,0,10
1974,264.302,69.184,230,0,10
1975,116.821,69.283,101,0,10
1976,251.889,69.384,158,0,10
1977,284.77,69.565,263,0,10
1978,32.783,69.609,29,0,10
1979,90.353,69.805,67,0,10
1980,115.059,70.588,100,0,10
1981,293.519,70.663,261,0,10
1982,242.242,70.84,137,0,10
1983,81.168,70.878,61,0,10
1984,21.727,71.013,20,0,10
1985,275.25,71.139,249,0,10
1986,233.191,71.16,127,0,10
1987,152.262,71.197,159,0,10
1988,253.069,71.225,169,0,10
1989,327.389,71.249,254,0,10
1990,121.669,71.339,112,0,10
1991,145.722,71.481,149,0,10
1992,278.585,71.559,257,0,10
1993,320.408,71.723,257,0,10
1994,188.685,71.897,116,0,10
1995,48.953,71.91,44,0,10
1996,201.272,72.19,115,0,10
1997,132.484,72.435,155,1,10
1998,298.292,72.518,270,1,10
1999,281.398,72.732,257,0,10
2000,58.985,72.888,58,1,10
2001,311.518,72.891,250,1,10
2002,162.008,73.114,150,0,10
2003,130.284,73.427,149,1,10
2004,146.881,73.517,153,1,10
2005,170.891,73.995,135,1,10
2006,206.398,74.276,111,0,10
2007,40.033,74.325,36,1,10
2008,269.955,74.645,245,1,10
2009,174.767,74.719,121,1,10
2010,214.988,74.723,109,0,10
2011,324.542,75.255,249,0,10
2012,150.483,75.369,160,1,10
2013,129.035,75.443,147,1,10
2014,155.305,75.505,157,1,10
2015,211.502,75.519,113,0,10
2016,50.613,75.772,48,1,10
2017,102.179,75.819,83,0,10
2018,73.408,75.876,62,1,10
2019,29.382,76.012,31,0,10
2020,65.628,76.131,59,1,10
2021,24.719,76.158,30,0,10
2022,151.859,76.227,161,1,10
2023,64.69,76.368,58,0,10
2024,305.816,76.428,248,1,10
2025,195.407,76.619,111,0,10
2026,17.618,76.707,27,0,10
2027,54.673,76.753,55,1,10
2028,60.474,76.761,55,1,10
2029,318.516,76.837,254,1,10
2030,321.917,76.855,251,0,10
2031,35.155,77.012,35,1,10
2032,247.068,77.082,151,0,10
2033,253.91,77.438,184,0,10
2034,331.232,77.468,255,0,10
2035,142.261,77.667,151,1,10
2036,184.225,77.736,116,1,10
2037,55.245,77.925,58,1,10
2038,22.438,77.946,30,0,10
2039,220.875,78.13,114,1,10
2040,300.542,78.151,263,1,10
2041,199.753,78.471,112,1,10
2042,113.973,78.928,101,1,10
2043,50.868,78.939,53,1,10
2044,276.967,78.989,255,1,10
2045,90.211,79.071,74,1,10
2046,187.05,79.109,114,1,10
2047,68.587,79.172,62,1,10
2048,89.968,79.221,75,1,10
2049,255.24,79.41,197,0,10
2050,109.145,79.592,95,1,10
2051,164.547,79.603,145,1,10
2052,317.82,80.373,253,1,10
2053,23.927,80.504,32,0,10
2054,183.279,80.504,115,1,10
2055,289.186,80.511,269,1,10
2056,28.05,80.915,35,0,10
2057,250.365,81.036,158,0,10
2058,178.396,81.042,113,1,10
2059,28.819,81.143,35,1,10
2060,323.43,81.213,248,1,10
2061,77.37,81.326,60,1,10
2062,283.176,81.482,263,1,10
2063,247.943,81.576,155,1,10
2064,38.135,81.592,43,1,10
2065,105.994,81.689,89,1,10
2066,79.447,81.78,60,1,10
2067,100.859,81.948,84,1,10
2068,173.988,82.143,118,1,10
2069,89.099,82.281,74,1,10
2070,214.795,82.535,108,1,10
2071,284.032,83.041,264,1,10
2072,219.699,83.054,115,1,10
2073,248.964,83.423,156,1,10
2074,107.399,83.517,95,1,10
2075,140.64,83.611,151,1,10
2076,329.821,83.693,254,0,10
2077,130.003,83.758,155,1,10
2078,172.473,83.817,121,1,10
2079,254.236,84.097,198,1,10
2080,313.376,84.138,254,1,10
2081,203.77,84.203,111,1,10
2082,125.307,84.468,145,1,10
2083,45.832,84.49,54,1,10
2084,75.458,84.596,60,1,10
2085,112.016,84.655,104,1,10
2086,41.348,84.674,48,1,10
2087,51.149,85.005,56,1,10
2088,315.754,85.203,252,1,10
2089,267.122,85.436,241,1,10
2090,297.382,85.729,269,1,10
2091,231.815,86.061,128,1,10
2092,307.544,86.256,252,1,10
2093,176.354,86.404,112,1,10
2094,284.96,86.528,267,1,10
2095,67.625,86.571,60,1,10
2096,139.114,86.722,151,1,10
2097,234.676,86.8,133,1,10
2098,100.566,87.184,86,1,10
2099,290.86,87.39,260,1,10
2100,65.152,87.445,63,1,10
2101,140.329,87.487,150,1,10
2102,91.613,87.869,78,1,10
2103,125.958,88.053,149,1,10
2104,301.209,88.087,256,1,10
2105,96.868,88.464,85,1,10
2106,170.37,88.633,121,1,10
2107,158.962,88.723,151,1,10
2108,137.036,88.84,148,1,10
2109,71.383,88.961,61,1,10
2110,228.559,89.153,127,1,10
2111,26.029,89.203,44,0,10
2112,214.032,89.258,109,1,10
2113,285.57,89.352,264,1,10
2114,59.543,89.465,60,1,10
2115,138.531,89.481,151,1,10
2116,205.344,89.501,113,1,10
2117,92.804,89.609,81,1,10
2118,160.633,90.148,150,1,10
2119,70.26,90.168,61,1,10
2120,21.191,90.175,44,0,10
2121,216.693,90.176,115,1,10
2122,209.759,90.274,109,1,10
2123,302.575,90.312,253,1,10
2124,143.856,90.406,156,1,10
2125,67.907,90.611,61,1,10
2126,276.088,90.629,258,1,10
2127,88.006,90.715,76,1,10
2128,299.906,91.006,253,1,10
2129,171.044,91.052,119,1,10
2130,331.807,91.092,259,0,10
2131,119.989,91.217,140,1,10
2132,176.423,91.278,113,1,10
2133,149.279,91.325,158,1,10
2134,167.107,91.329,133,1,10
2135,143.313,91.353,156,1,10
2136,174.943,91.396,113,1,10
2137,185.274,91.51,114,1,10
2138,213.281,91.533,109,1,10
2139,84.65,91.606,76,1,10
2140,81.736,91.847,73,1,10
2141,271.966,92.033,249,1,10
2142,108.697,92.295,104,1,10
2143,319.142,92.307,251,1,10
2144,282.125,92.573,264,1,10
2145,289.827,92.748,260,1,10
2146,224.473,92.762,125,1,10
2147,123.146,92.857,149,1,10
2148,182.346,93.09,113,1,10
2149,180.999,93.371,113,1,10
2150,319.819,93.381,250,1,10
2151,314.32,93.69,252,1,10
2152,245.298,93.733,154,1,10
2153,325.169,93.746,252,1,10
2154,147.988,93.752,158,1,10
2155,305.636,93.766,247,1,10
2156,326.576,93.977,251,1,10
2157,142.553,94.007,155,1,10
2158,279.95,94.095,259,1,10
2159,34.828,94.239,58,1,10
2160,229.302,94.68,128,1,10
2161,269.226,94.857,246,1,10
2162,280.481,94.905,262,1,10
2163,304.076,95.292,250,1,10
2164,310.945,95.436,253,1,10
2165,270.629,95.601,249,1,10
2166,99.083,95.623,92,1,10
2167,172.993,95.744,115,1,10
2168,192.915,95.776,111,1,10
2169,128.415,95.79,149,1,10
2170,295.165,96.015,269,1,10
2171,32.332,96.076,57,1,10
2172,287.144,96.099,263,1,10
2173,45.044,96.237,58,1,10
2174,262.497,96.386,230,1,10
2175,236.939,96.547,136,1,10
2176,18.619,96.615,51,0,10
2177,30.025,97.059,57,1,10
2178,292.227,97.319,267,1,10
2179,151.36,97.467,155,1,10
2180,218.971,97.701,117,1,10
2181,83.275,97.813,78,1,10
2182,204.796,97.934,115,0,10
2183,67.156,98.011,60,1,10
2184,218.354,98.038,117,1,10
2185,238.965,98.246,142,1,10
2186,260.378,98.251,233,1,10
2187,163.495,98.358,136,1,10
2188,175.281,98.624,111,1,10
2189,80.47,99.037,75,1,10
2190,127.306,99.195,148,1,10
2191,103.745,99.497,101,1,10
2192,243.78,99.689,154,1,10
2193,268.029,99.763,246,1,10
2194,267.519,99.886,247,0,10
2195,118.059,100.328,145,1,10
2196,325.927,100.549,252,0,10
2197,73.978,100.794,70,1,10
2198,207.397,100.795,106,0,10
2199,159.43,101.157,145,1,10
2200,168.411,101.163,116,1,10
2201,237.872,101.487,142,1,10
2202,165.358,101.519,123,1,10
2203,237.318,101.524,143,1,10
2204,328.292,101.575,259,0,10
2205,240.2,101.601,149,1,10
2206,272.841,101.612,254,1,10
2207,165.878,101.694,121,1,10
2208,261.697,101.72,230,1,10
2209,61.133,101.851,60,0,10
2210,31.865,101.905,57,0,10
2211,236.33,102.284,140,0,10
2212,102.728,102.351,104,1,10
2213,71.598,102.415,70,0,10
2214,159.945,102.417,140,1,10
2215,302.044,102.431,248,1,10
2216,62.701,102.641,60,0,10
2217,98.283,102.789,98,1,10
2218,161.741,102.86,136,1,10
2219,38.412,102.886,59,0,10
2220,134.135,102.904,147,1,10
2221,259.747,102.947,232,1,10
2222,273.514,102.993,258,1,10
2223,88.192,103.002,84,1,10
2224,233.505,103.258,130,0,10
2225,187.762,103.601,112,0,10
2226,321.573,103.626,250,0,10
2227,93.934,103.76,92,1,10
2228,193.371,103.796,115,0,10
2229,135.355,104.132,152,1,10
2230,36.662,104.369,58,0,10
2231,314.72,104.4,256,1,10
2232,39.133,104.498,60,0,10
2233,301.723,105.178,249,1,10
2234,207.05,105.296,108,0,10
2235,316.657,105.436,251,0,10
2236,95.38,105.52,95,0,10
2237,122.636,105.828,149,0,10
2238,208.624,105.845,108,0,10
2239,74.73,105.853,75,0,10
2240,241.581,106.008,153,1,10
2241,92.035,106.078,92,0,10
2242,197.053,106.129,111,0,10
2243,330.499,106.441,253,0,10
2244,221.783,106.579,126,1,10
2245,235.862,106.819,143,0,10
2246,126.396,107.061,151,0,10
2247,299.646,107.462,254,1,10
2248,291.655,108.077,271,0,10
2249,162.565,108.361,123,1,10
2250,317.621,108.413,249,0,10
2251,259.006,108.686,233,0,10
2252,232.675,108.73,127,0,10
2253,107.594,109.229,125,0,10
2254,246.555,109.607,184,0,10
2255,107.186,109.662,126,0,10
2256,291.912,109.756,270,0,10
2257,14.943,109.986,58,0,10
2258,263.578,110.154,245,0,10
2259,124.427,110.471,151,0,10
2260,182.642,110.55,116,0,10
2261,69.485,110.585,75,0,10
2262,243.13,110.616,158,0,10
2263,42.772,110.768,59,0,10
2264,124.332,110.81,150,0,10
2265,226.114,110.826,129,0,10
2266,141.028,110.828,157,0,10
2267,57.366,110.88,66,0,10
2268,37.275,111.523,60,0,10
2269,110.56,111.854,144,0,10
2270,312.287,111.995,254,0,10
2271,117.429,112.038,151,0,10
2272,152.64,112.135,145,0,10
2273,33.276,112.226,60,0,10
2274,20.122,112.335,62,0,10
2275,156.552,112.412,137,0,10
2276,44.408,112.495,60,0,10
2277,196.111,112.736,111,0,10
2278,224.993,112.877,129,0,10
2279,56.858,113.207,68,0,10
2280,199.195,113.672,115,0,10
2281,279.222,113.841,268,0,10
2282,99.84,113.858,113,0,10
2283,144.907,113.889,153,0,10
2284,257.113,113.893,232,0,10
2285,216.907,114.343,120,0,10
2286,151.554,114.535,146,0,10
2287,157.445,116.146,129,0,10
2288,271.068,116.208,256,0,10
2289,638.429,69.833,383,0,11
2290,646.873,70.219,389,0,11
2291,642.615,70.236,389,0,11
2292,637.159,73.381,377,0,11
2293,646.356,76.271,388,0,11
2294,628.895,77.097,343,0,11
2295,653.458,77.615,369,0,11
2296,648.93,79.587,388,1,11
2297,628.01,79.848,336,0,11
2298,633.666,80.951,367,1,11
2299,635.234,81.065,375,1,11
2300,630.515,81.439,356,0,11
2301,633.983,81.757,369,1,11
2302,651.337,82.528,386,1,11
2303,633.844,84.471,370,1,11
2304,644.083,85.89,386,1,11
2305,628.277,87.093,343,0,11
2306,650.184,87.129,384,1,11
2307,642.5,87.839,391,1,11
2308,619.365,89.899,300,0,11
2309,641.343,90.272,389,1,11
2310,631.953,90.276,362,1,11
2311,645.859,90.376,389,1,11
2312,652.053,90.481,373,1,11
2313,635.287,92.205,377,1,11
2314,650.558,92.824,385,1,11
2315,629.853,94.01,357,1,11
2316,660.985,94.011,290,0,11
2317,616.468,94.085,279,0,11
2318,659.341,96.81,296,0,11
2319,655.865,99.736,326,0,11
2320,658.268,100.376,301,0,11
2321,643.042,102.249,387,1,11
2322,616.289,102.478,282,0,11
2323,648.069,102.873,383,1,11
2324,645.295,105.293,388,1,11
2325,629.751,106.066,360,1,11
2326,647.14,108.757,383,1,11
2327,656.369,110.216,311,0,11
2328,639.052,110.412,387,1,11
2329,637.992,112.942,386,1,11
2330,626.31,113.467,347,1,11
2331,613.896,117.119,278,0,11
2332,626.995,117.563,356,1,11
2333,649.304,117.694,373,1,11
2334,628.444,118.015,360,1,11
2335,660.578,118.683,279,0,11
2336,624.272,120.167,336,0,11
2337,647.534,121.18,384,1,11
2338,652.477,121.476,341,1,11
2339,623.795,121.7,336,0,11
2340,646.952,121.884,384,1,11
2341,615.776,123.529,301,0,11
2342,650.71,123.953,360,1,11
2343,631.923,124.434,375,1,11
2344,658.523,125.339,286,0,11
2345,625.508,125.495,352,1,11
2346,640.05,125.601,386,1,11
2347,617.471,127.921,307,0,11
2348,627.604,129.176,362,1,11
2349,636.495,129.319,385,1,11
2350,625.735,129.76,357,1,11
2351,634.514,130.263,388,1,11
2352,622.163,130.69,334,1,11
2353,649.648,131.033,360,1,11
2354,618.195,132.638,314,1,11
2355,610.536,132.741,277,0,11
2356,634.382,133.032,389,1,11
2357,612.218,134.758,284,0,11
2358,619.071,135.846,325,1,11
2359,662.65,136.899,255,0,11
2360,658.723,138.197,273,0,11
2361,651.528,138.403,323,1,11
2362,661.357,140.724,257,0,11
2363,644.799,141.261,385,1,11
2364,636.913,141.899,388,1,11
2365,639.199,142.088,388,1,11
2366,643.383,143.582,385,1,11
2367,628.99,145.241,377,1,11
2368,658.936,145.456,261,0,11
2369,625.444,145.547,365,1,11
2370,659.866,145.636,258,0,11
2371,630.689,145.696,385,1,11
2372,639.847,146.073,388,1,11
2373,615.64,148.389,314,1,11
2374,629.251,148.398,380,1,11
2375,650.806,149.221,312,1,11
2376,656.952,150.523,271,1,11
2377,604.735,150.861,267,0,11
2378,626.521,150.995,375,1,11
2379,617.633,151.196,326,1,11
2380,647.191,152.708,348,1,11
2381,646.492,152.897,358,1,11
2382,619.496,154.315,344,1,11
2383,627.27,154.611,376,1,11
2384,639.284,155.42,389,1,11
2385,622.555,155.503,360,1,11
2386,625.851,156.341,374,1,11
2387,643.606,156.761,372,1,11
2388,609.945,158.653,302,0,11
2389,602.53,160.501,259,0,11
2390,657.65,160.602,259,1,11
2391,635.719,161.542,388,1,11
2392,622.699,162.277,367,1,11
2393,637.024,162.813,388,1,11
2394,639.967,162.975,385,1,11
2395,639.365,163.731,382,1,11
2396,620.534,164.019,357,1,11
2397,630.962,164.268,388,1,11
2398,621.702,164.641,364,1,11
2399,620.159,165.072,358,1,11
2400,662.146,165.24,231,0,11
2401,650.876,165.404,291,1,11
2402,648.855,167.315,300,1,11
2403,624.875,168.281,377,1,11
2404,654.176,168.852,266,1,11
2405,631.85,168.909,388,1,11
2406,611.298,168.946,314,1,11
2407,602.919,169.31,277,0,11
2408,650.435,169.443,290,1,11
2409,619.291,169.777,357,1,11
2410,615.414,170.371,336,1,11
2411,616.396,170.894,346,1,11
2412,644.034,172.01,341,1,11
2413,642.844,172.614,353,1,11
2414,649.544,172.643,290,1,11
2415,657.885,173.242,243,0,11
2416,651.132,174.202,282,1,11
2417,643.42,175.624,340,1,11
2418,642.241,176.611,353,1,11
2419,632.65,178.971,389,1,11
2420,628.554,179.042,391,1,11
2421,618.682,179.581,365,1,11
2422,656.563,179.591,243,1,11
2423,641.56,181.521,346,1,11
2424,636.046,181.612,385,1,11
2425,653.977,182.634,255,1,11
2426,639.708,183.47,364,1,11
2427,638.731,183.472,367,1,11
2428,601.317,184.681,279,0,11
2429,623.263,184.972,386,1,11
2430,620.703,185.233,375,1,11
2431,612.437,185.931,340,1,11
2432,610.704,186.45,331,1,11
2433,615.151,186.791,358,1,11
2434,602.679,187.337,294,0,11
2435,607.416,188.377,315,1,11
2436,647.937,189.06,282,1,11
2437,657.491,189.694,227,0,11
2438,638.975,191.449,352,1,11
2439,651.958,192.903,255,0,11
2440,604.409,193.249,307,1,11
2441,632.028,194.416,383,1,11
2442,601.576,194.947,301,1,11
2443,640.128,195.589,323,1,11
2444,609.228,195.754,336,1,11
2445,624.375,196.041,390,1,11
2446,645.81,196.052,284,1,11
2447,613.66,196.166,360,1,11
2448,625.616,196.519,388,1,11
2449,646.799,197.472,276,0,11
2450,633.093,198.324,385,1,11
2451,614.3,198.526,366,1,11
2452,613.055,198.557,360,1,11
2453,608.58,199.304,336,1,11
2454,635.52,199.74,366,1,11
2455,601.033,200.945,306,1,11
2456,652.831,202.27,233,0,11
2457,609.127,204.111,348,1,11
2458,605.49,204.686,326,1,11
2459,611.829,204.873,362,1,11
2460,619.031,205.036,388,1,11
2461,614.423,205.113,375,1,11
2462,657.772,205.355,207,0,11
2463,657.381,206.686,205,0,11
2464,631.138,206.869,381,1,11
2465,623.037,207.234,387,1,11
2466,612.316,209.244,370,1,11
2467,631.43,210.478,371,1,11
2468,607.942,210.84,355,1,11
2469,605.976,211.04,343,1,11
2470,618.437,212.16,386,1,11
2471,634.796,212.666,333,1,11
2472,610.961,213.425,369,1,11
2473,610.153,215.188,367,1,11
2474,633.422,218.453,331,0,11
2475,608.146,219.188,364,1,11
2476,633.557,219.878,323,0,11
2477,604.556,220.79,351,1,11
2478,623.087,221.653,388,1,11
2479,613.606,222.104,388,1,11
2480,615.063,222.315,387,1,11
2481,627.911,223.012,370,1,11
2482,604.254,223.408,355,1,11
2483,607.289,224.486,367,1,11
2484,644.213,224.599,249,0,11
2485,598.838,224.764,326,0,11
2486,608.264,225.201,376,1,11
2487,623.982,225.693,382,1,11
2488,617.815,225.705,388,1,11
2489,609.06,226.166,378,1,11
2490,598.718,226.987,328,0,11
2491,654.422,231.377,181,0,11
2492,625.301,232.053,369,1,11
2493,639.147,233.532,259,0,11
2494,643.697,233.82,234,0,11
2495,631.229,234.764,302,1,11
2496,644.494,235.512,233,0,11
2497,636.19,236.904,270,1,11
2498,613.143,237.416,391,1,11
2499,648.744,239.676,203,0,11
2500,617.003,239.865,387,1,11
2501,621.991,241.452,372,1,11
2502,595.235,241.921,335,0,11
2503,614.255,242.22,387,1,11
2504,625.158,242.82,341,1,11
2505,615.254,243.125,387,1,11
2506,656.057,243.157,165,0,11
2507,602.706,243.216,375,1,11
2508,642.662,245.097,224,0,11
2509,626.823,247.105,307,1,11
2510,642.879,248.146,217,0,11
2511,608.849,248.307,391,1,11
2512,597.123,251.997,363,0,11
2513,627.196,252.452,292,1,11
2514,590.237,253.125,329,0,11
2515,606.155,253.36,387,1,11
2516,626.671,254.995,291,1,11
2517,631.705,255.064,262,1,11
2518,611.046,256.673,388,1,11
2519,607.867,257.979,387,1,11
2520,612.879,258.661,383,1,11
2521,620.419,259.859,326,1,11
2522,600.872,260.058,388,1,11
2523,640.509,260.983,202,0,11
2524,632.566,261.732,246,1,11
2525,632.969,261.954,245,1,11
2526,637.637,262.346,223,0,11
2527,600.762,262.49,389,1,11
2528,609.641,262.757,389,1,11
2529,598.192,262.925,381,1,11
2530,633.248,263.68,237,0,11
2531,613.565,264.571,372,1,11
2532,596.028,264.929,377,1,11
2533,605.868,266.005,388,1,11
2534,606.284,266.339,389,1,11
2535,630.267,266.767,253,1,11
2536,590.664,267.344,361,1,11
2537,634.972,268.941,223,0,11
2538,629.951,269.953,246,1,11
2539,566.779,270.141,241,0,11
2540,624.628,270.96,268,1,11
2541,592.434,271.299,376,1,11
2542,563.985,272.66,229,0,11
2543,582.921,272.69,331,1,11
2544,558.108,272.722,181,0,11
2545,576.439,273.065,305,1,11
2546,617.069,273.229,311,1,11
2547,606.928,273.56,382,1,11
2548,592.685,274.15,377,1,11
2549,604.825,274.538,387,1,11
2550,550.221,276.31,167,0,11
2551,631.365,277.22,224,0,11
2552,618.024,277.472,293,1,11
2553,609.564,277.599,368,1,11
2554,551.227,277.835,170,1,11
2555,561.011,278.402,222,1,11
2556,610.315,279.406,360,1,11
2557,630.816,279.596,224,0,11
2558,586.251,279.724,362,1,11
2559,615.035,280.036,305,1,11
2560,544.102,280.259,163,0,11
2561,596.122,280.357,389,1,11
2562,551.038,280.461,165,1,11
2563,627.389,280.766,235,0,11
2564,629.581,280.84,227,0,11
2565,583.927,280.909,357,1,11
2566,567.411,281.058,276,1,11
2567,563.615,281.11,254,1,11
2568,535.18,281.514,169,0,11
2569,588.253,281.569,375,1,11
2570,601.208,281.781,388,1,11
2571,628.756,281.994,229,0,11
2572,566.374,282.239,276,1,11
2573,553.029,282.259,174,1,11
2574,554.812,282.421,184,1,11
2575,591.563,282.493,385,1,11
2576,538.109,282.559,162,0,11
2577,614.086,282.568,305,1,11
2578,619.945,283.01,268,1,11
2579,550.033,283.092,168,1,11
2580,598.961,284.439,389,1,11
2581,598.586,284.883,388,1,11
2582,599.292,285.253,388,1,11
2583,603.992,287.038,381,1,11
2584,589.273,287.346,385,1,11
2585,537.23,287.784,162,1,11
2586,611.121,288.272,311,1,11
2587,584.461,288.812,372,1,11
2588,550.336,288.853,177,1,11
2589,545.758,289.376,168,1,11
2590,586.055,289.412,377,1,11
2591,562.703,289.468,275,1,11
2592,585.755,290.904,377,1,11
2593,574.252,290.973,327,1,11
2594,582.679,290.978,367,1,11
2595,549.662,291.402,179,1,11
2596,592.2,291.789,391,1,11
2597,581.772,291.836,364,1,11
2598,564.464,292.351,280,1,11
2599,586.942,292.405,384,1,11
2600,567.92,293.421,306,1,11
2601,566.964,293.507,301,1,11
2602,610.904,293.739,294,1,11
2603,583.331,293.777,372,1,11
2604,584.405,294.012,377,1,11
2605,549.789,294.089,189,1,11
2606,585.28,294.418,380,1,11
2607,583.83,294.789,375,1,11
2608,597.681,294.973,386,1,11
2609,535.768,295.254,166,1,11
2610,604.995,295.599,344,1,11
2611,545.803,295.735,171,1,11
2612,571.74,296.147,326,1,11
2613,536.682,296.948,165,1,11
2614,588.979,296.993,388,1,11
2615,574.955,297.113,346,1,11
2616,603.368,297.967,353,1,11
2617,529.14,298.157,166,0,11
2618,554.264,299.127,245,1,11
2619,524.605,299.439,173,0,11
2620,557.589,299.657,271,1,11
2621,560.629,300.508,280,1,11
2622,588.882,301.082,389,1,11
2623,580.291,302.288,377,1,11
2624,599.632,302.326,367,1,11
2625,528.668,302.446,162,1,11
2626,550.772,303.124,234,1,11
2627,520.891,303.156,176,0,11
2628,562.2,303.45,302,1,11
2629,553.389,304.069,259,1,11
2630,554.076,304.111,258,1,11
2631,565.244,304.849,314,1,11
2632,552.828,304.859,257,1,11
2633,545.118,305.189,193,1,11
2634,574.787,305.203,359,1,11
2635,548.781,305.562,226,1,11
2636,531.641,306.148,165,1,11
2637,580.045,306.605,381,1,11
2638,536.437,306.857,168,1,11
2639,581.364,307.078,388,1,11
2640,542.73,307.096,181,1,11
2641,566.065,308.456,327,1,11
2642,589.452,309.517,388,1,11
2643,581.997,309.537,386,1,11
2644,572.642,309.685,360,1,11
2645,564.544,310.094,325,1,11
2646,551.375,310.51,267,1,11
2647,592.919,310.886,382,1,11
2648,572.525,310.948,363,1,11
2649,593.848,312.823,372,0,11
2650,573.861,313.341,375,1,11
2651,570.477,313.669,360,1,11
2652,592.084,314.374,380,1,11
2653,543.406,314.782,216,1,11
2654,587.403,314.782,387,1,11
2655,572.385,315.254,372,1,11
2656,543.885,315.921,230,1,11
2657,532.48,316.115,168,1,11
2658,568.736,316.53,359,1,11
2659,542.344,317.173,218,1,11
2660,561.695,317.556,327,1,11
2661,557.155,319.103,307,1,11
2662,521.94,319.312,164,1,11
2663,530.896,320.019,170,1,11
2664,519.322,320.204,162,0,11
2665,551.946,321.267,292,1,11
2666,525.257,321.555,168,1,11
2667,557.719,322.275,321,1,11
2668,529.494,322.42,170,1,11
2669,565.606,323.526,360,1,11
2670,558.038,324.983,327,1,11
2671,513.127,325.576,169,0,11
2672,539.567,325.635,233,1,11
2673,511.288,325.661,172,0,11
2674,562.505,326.106,356,1,11
2675,524.815,326.561,168,1,11
2676,562.334,326.591,356,1,11
2677,542.555,326.774,259,1,11
2678,526.977,329.825,168,1,11
2679,510.187,332.044,166,0,11
2680,527.642,333.275,177,1,11
2681,535.357,333.618,235,1,11
2682,530.679,334.881,204,1,11
2683,521.398,336.101,168,1,11
2684,506.014,336.845,170,0,11
2685,544.957,338.278,305,1,11
2686,516.405,338.377,168,1,11
2687,559.536,338.844,368,0,11
2688,516.866,340.122,166,1,11
2689,516.175,340.423,164,1,11
2690,533.031,342.258,257,1,11
2691,516.709,342.967,168,1,11
2692,507.298,343.141,161,0,11
2693,526.655,343.227,207,1,11
2694,537.073,343.324,277,1,11
2695,531.384,344.036,248,1,11
2696,559.947,344.313,379,0,11
2697,551.8,344.665,350,1,11
2698,532.63,346.463,268,1,11
2699,549.928,346.87,347,1,11
2700,512.998,347.134,168,1,11
2701,506.282,347.256,164,0,11
2702,549.219,347.288,346,1,11
2703,549.046,347.325,345,1,11
2704,556.37,347.521,374,0,11
2705,530.543,347.717,257,1,11
2706,517.124,348.839,171,1,11
2707,505.591,349.722,164,0,11
2708,533.873,350.12,278,1,11
2709,546.092,350.246,336,1,11
2710,506.8,351.681,169,1,11
2711,514.726,352.324,171,1,11
2712,563.16,352.825,389,0,11
2713,560.466,353.041,387,0,11
2714,496.813,353.348,169,0,11
2715,523.78,353.627,235,1,11
2716,539.062,354.104,314,1,11
2717,515.737,354.633,181,1,11
2718,512.512,354.649,169,1,11
2719,545.246,354.684,347,1,11
2720,535.007,354.879,302,1,11
2721,531.92,355.585,283,1,11
2722,528.132,357.187,277,1,11
2723,509.195,357.335,169,1,11
2724,545.841,357.713,358,1,11
2725,564.763,360.585,386,0,11
2726,496.355,360.734,161,0,11
2727,526.393,362.78,279,1,11
2728,533.479,362.868,313,1,11
2729,534.698,363.307,322,1,11
2730,514.931,364.027,215,1,11
2731,508.735,364.085,174,0,11
2732,544.336,365.089,367,1,11
2733,536.211,368.434,343,1,11
2734,544.616,368.465,374,1,11
2735,518.741,368.731,268,1,11
2736,549.438,368.815,389,1,11
2737,552.761,369.18,391,1,11
2738,527.74,370.741,306,1,11
2739,529.853,371.235,322,1,11
2740,507.817,371.655,204,0,11
2741,537.48,372.144,357,1,11
2742,514.38,372.154,253,0,11
2743,540.382,372.201,370,1,11
2744,522.716,372.396,294,1,11
2745,547.908,373.611,385,1,11
2746,563.812,373.659,360,1,11
2747,570.276,374.89,294,0,11
2748,537.858,375.534,367,1,11
2749,566.252,376.006,318,0,11
2750,522.372,376.576,307,1,11
2751,541.593,376.772,381,1,11
2752,546.888,377.032,392,1,11
2753,582.543,378.021,227,0,11
2754,573.339,379.514,262,0,11
2755,572.883,380.49,261,0,11
2756,584.977,380.705,202,0,11
2757,506.593,380.706,236,0,11
2758,564.637,382.724,299,1,11
2759,560.103,383.985,329,1,11
2760,568.561,384.308,277,0,11
2761,582.386,384.61,203,0,11
2762,544.506,384.68,386,1,11
2763,602.052,385.07,166,0,11
2764,626.183,385.463,156,0,11
2765,623.634,386.466,157,0,11
2766,557.014,386.488,346,1,11
2767,616.898,386.718,155,0,11
2768,524.271,387.662,346,1,11
2769,497.011,388.034,205,0,11
2770,564.948,388.251,284,1,11
2771,576.761,388.831,225,1,11
2772,561.196,389.205,294,1,11
2773,594.78,390.005,161,0,11
2774,630.417,390.87,153,0,11
2775,575.553,391.146,224,1,11
2776,623.474,391.353,155,1,11
2777,528.987,391.381,375,1,11
2778,623.929,392.063,155,1,11
2779,500.079,392.084,248,0,11
2780,621.458,392.174,153,1,11
2781,627.516,392.205,157,1,11
2782,609.448,392.217,152,0,11
2783,556.283,393.042,312,1,11
2784,614.765,393.269,153,0,11
2785,624.527,393.526,155,1,11
2786,568.984,393.64,246,1,11
2787,518.845,393.922,335,1,11
2788,538.624,394.299,386,1,11
2789,613.404,394.391,154,0,11
2790,557.228,394.627,298,1,11
2791,546.581,395.05,383,1,11
2792,529.239,395.06,379,1,11
2793,553.648,395.396,323,1,11
2794,620.747,395.5,155,1,11
2795,637.922,396.26,151,1,11
2796,619.682,396.262,155,1,11
2797,620.355,396.944,155,1,11
2798,640.872,396.954,143,1,11
2799,647.756,397.113,123,1,11
2800,517.716,397.381,346,1,11
2801,509.624,398.128,306,0,11
2802,584.55,398.314,163,0,11
2803,515.617,398.462,336,1,11
2804,534.354,398.824,388,1,11
2805,658.107,398.942,102,0,11
2806,523.036,399.07,372,1,11
2807,540.774,399.332,385,1,11
2808,512.329,399.97,327,1,11
2809,659.654,400.335,93,0,11
2810,580.489,400.387,172,1,11
2811,656.659,400.523,105,0,11
2812,497.553,400.884,274,0,11
2813,580.793,400.915,171,1,11
2814,652.585,401.112,112,1,11
2815,653.301,401.142,111,1,11
2816,634.716,401.244,151,1,11
2817,664.506,402.044,85,0,11
2818,607.694,402.076,154,1,11
2819,631.776,402.169,151,1,11
2820,596.177,402.183,149,0,11
2821,638.123,402.948,145,1,11
2822,666.425,403.01,81,0,11
2823,569.496,403.554,213,1,11
2824,523.135,404.033,381,1,11
2825,591.13,404.274,164,0,11
2826,514.003,404.715,355,1,11
2827,540.47,405.085,375,1,11
2828,556,405.256,268,1,11
2829,634.319,405.427,145,1,11
2830,636.7,405.742,145,1,11
2831,517.442,406.077,368,1,11
2832,637.681,406.356,143,1,11
2833,507.08,406.499,326,0,11
2834,532.885,407.271,388,1,11
2835,561.513,407.344,234,1,11
2836,657.817,408.07,92,1,11
2837,576.475,408.079,168,0,11
2838,519.845,408.173,380,1,11
2839,605.298,408.676,153,1,11
2840,525.329,408.777,388,1,11
2841,609.738,408.906,159,1,11
2842,643.854,409.022,119,1,11
2843,632.419,409.502,141,1,11
2844,531.025,409.594,387,1,11
2845,665.24,409.595,80,1,11
2846,656.889,409.615,92,1,11
2847,543.174,409.724,331,1,11
2848,583.483,409.846,162,0,11
2849,559.64,410.03,236,1,11
2850,521.159,410.444,388,1,11
2851,594.187,410.605,145,0,11
2852,531.474,410.911,388,1,11
2853,537.59,410.962,369,1,11
2854,589.913,410.969,156,0,11
2855,559.715,411.3,233,1,11
2856,644.994,411.51,115,1,11
2857,522.47,411.807,384,1,11
2858,522.187,411.914,386,1,11
2859,558.783,412.258,234,1,11
2860,546.742,412.305,292,1,11
2861,523.594,412.541,391,1,11
2862,617.726,412.715,153,1,11
2863,571.524,413.035,179,1,11
2864,543.677,413.373,302,1,11
2865,624.702,413.612,152,1,11
2866,513.46,413.998,374,1,11
2867,541.81,414.169,313,1,11
2868,593.963,414.261,145,0,11
2869,644.629,414.595,111,1,11
2870,638.329,414.601,122,1,11
2871,625.101,414.69,151,1,11
2872,544.225,414.718,294,1,11
2873,548.348,415.317,276,1,11
2874,648.34,415.376,104,1,11
2875,656.796,416.111,85,1,11
2876,622.982,416.399,152,1,11
2877,639.921,416.485,117,1,11
2878,527.026,416.579,386,1,11
2879,544.763,416.649,288,1,11
2880,518.294,416.867,386,1,11
2881,680.701,416.937,36,0,11
2882,536.556,417.417,344,1,11
2883,650.36,418.248,93,1,11
2884,577.566,418.34,163,1,11
2885,654.665,418.648,87,1,11
2886,662.413,418.669,75,1,11
2887,588.025,419.772,145,1,11
2888,509.088,420.189,373,1,11
2889,517.639,420.626,391,1,11
2890,615.942,420.748,154,0,11
2891,555.656,421.388,224,1,11
2892,541.292,421.412,288,1,11
2893,606.456,421.616,155,1,11
2894,555.477,422.03,223,1,11
2895,641.059,422.102,111,1,11
2896,683.671,422.505,26,0,11
2897,663.05,422.637,64,1,11
2898,595.394,422.642,154,1,11
2899,602.168,422.725,155,1,11
2900,639.621,422.884,111,1,11
2901,642.005,422.946,111,1,11
2902,503.099,423.039,361,0,11
2903,552.192,423.151,231,1,11
2904,645.575,423.792,96,1,11
2905,675.769,424.198,36,0,11
2906,547.195,424.432,254,1,11
2907,614.932,424.576,150,0,11
2908,557.78,425.207,201,1,11
2909,667.073,425.59,53,1,11
2910,510.521,426.533,386,1,11
2911,632.094,426.829,121,1,11
2912,555.071,427.039,203,1,11
2913,664.939,427.302,54,1,11
2914,534.138,427.444,300,1,11
2915,600.056,427.462,154,1,11
2916,606.664,427.974,154,1,11
2917,591.859,428.001,154,1,11
2918,645.176,428.255,93,1,11
2919,670.508,428.31,42,0,11
2920,561.414,428.466,176,1,11
2921,613.794,428.565,155,1,11
2922,559.657,428.669,182,1,11
2923,560.38,429.224,179,1,11
2924,671.176,429.473,40,0,11
2925,550.407,429.628,222,1,11
2926,496.552,429.749,358,0,11
2927,598.298,430.209,154,1,11
2928,681.532,430.285,22,0,11
2929,666.825,430.519,46,1,11
2930,576.034,430.531,157,1,11
2931,541.993,430.812,255,1,11
2932,531.421,430.824,301,1,11
2933,649.929,431.409,81,1,11
2934,677.589,431.481,27,0,11
2935,548.547,431.905,222,1,11
2936,519.073,431.995,385,1,11
2937,568.102,432.006,162,1,11
2938,635.104,432.828,112,1,11
2939,505.11,432.984,388,0,11
2940,579.018,433.463,146,0,11
2941,618.99,433.662,144,1,11
2942,526.011,433.833,326,1,11
2943,518.055,433.979,381,1,11
2944,571.178,434.044,164,1,11
2945,605.596,434.319,157,1,11
2946,524.43,434.446,339,1,11
2947,660.227,434.59,56,1,11
2948,517.953,434.911,385,0,11
2949,673.834,435.254,29,0,11
2950,622.07,435.692,133,1,11
2951,595.016,436.412,155,1,11
2952,584.847,436.565,154,1,11
2953,644.594,436.61,85,1,11
2954,618.814,436.923,143,1,11
2955,549.33,437.57,200,1,11
2956,607.165,437.833,153,1,11
2957,508.218,438.065,388,0,11
2958,632.776,438.067,111,1,11
2959,672.278,438.864,29,0,11
2960,512.791,438.881,382,0,11
2961,523.964,438.922,311,0,11
2962,641.493,439.113,89,1,11
2963,511.816,439.857,383,0,11
2964,646.095,440.274,81,1,11
2965,539.492,440.442,233,1,11
2966,545.038,440.497,202,1,11
2967,552.415,440.576,177,1,11
2968,637.852,440.88,93,1,11
2969,647.44,440.969,79,1,11
2970,570.518,441.199,147,1,11
2971,668.521,441.215,33,0,11
2972,647.346,441.747,78,1,11
2973,649.06,442.005,73,1,11
2974,655.122,442.006,58,1,11
2975,554.389,442.29,163,1,11
2976,540.557,442.73,222,1,11
2977,601.448,442.844,154,1,11
2978,612.047,442.94,142,1,11
2979,594.482,443.222,157,1,11
2980,645.027,443.565,80,1,11
2981,514.101,444.018,366,0,11
2982,518.556,444.059,323,0,11
2983,573.011,444.297,141,1,11
2984,603.032,444.463,154,1,11
2985,555.255,445.01,163,1,11
2986,593.286,445.038,156,1,11
2987,558.663,445.26,162,1,11
2988,591.195,445.414,157,0,11
2989,661.845,445.446,39,0,11
2990,602.472,445.846,155,1,11
2991,601.816,446.305,154,1,11
2992,564.269,446.346,160,1,11
2993,609.013,446.653,141,1,11
2994,520.396,447.219,294,0,11
2995,560.053,447.272,167,1,11
2996,637.739,447.422,85,1,11
2997,638.559,448.135,82,1,11
2998,587.828,448.49,154,0,11
2999,629.202,448.54,100,1,11
3000,627.726,450.15,101,0,11
3001,621.208,451.384,111,0,11
3002,538.157,452.418,200,1,11
3003,629.318,452.661,93,0,11
3004,657.117,452.665,39,0,11
3005,559.182,452.682,158,1,11
3006,545.589,452.721,166,0,11
3007,602.373,453.472,149,0,11
3008,551.717,453.653,161,1,11
3009,653.791,453.915,44,0,11
3010,612.672,454.15,121,0,11
3011,558.219,454.31,159,1,11
3012,547.3,454.506,164,0,11
3013,612.535,455.623,121,0,11
3014,578.35,455.69,158,0,11
3015,538.964,455.895,182,0,11
3016,534.608,455.959,205,0,11
3017,621.903,455.992,105,0,11
3018,618.075,456.074,111,0,11
3019,562.08,456.396,146,0,11
3020,617.962,457.551,111,0,11
3021,568.39,457.755,155,0,11
3022,573.75,458.924,158,0,11
3023,565.86,459.454,151,0,11
3024,561.304,459.931,143,0,11
3025,578.67,460.61,156,0,11
3026,554.716,460.908,157,0,11
3027,577.082,461.731,156,0,11
3028,569.221,462.349,154,0,11
3029,556.636,464.758,144,0,11
3030,557.293,465.752,142,0,11
